0,"Basil, Roasted Peppers and Monterey Jack Cornbread",wrap,25,"['1/2 cup unsalted butter, chilled and cubed', '1 cup chopped onion', '1 3/4 cups cornmeal', '1 1/4 cups all-purpose flour', '1/4 cup white sugar', '1 tablespoon baking powder', '1 1/2 teaspoons salt', '1/2 teaspoon baking soda', '1 1/2 cups buttermilk', '3 eggs', '1 1/2 cups shredded pepperjack cheese', '1 1/3 cups frozen corn kernels, thawed and drained', '2 ounces roasted marinated red bell peppers, drained and chopped', '1/2 cup chopped fresh basil']","['Preheat oven to 400 degrees F (205 degrees C). Butter a 9x9x2 inch baking pan.', 'Melt 1 tablespoon butter in medium nonstick skillet over medium-low heat. Add onion and saute until tender, about 10 minutes. Cool.', 'Mix cornmeal with the flour, baking powder, sugar, salt, and baking soda in large bowl. Add 7 tablespoons butter and rub with fingertips until mixture resembles coarse meal.', 'Whisk buttermilk and eggs in medium bowl to blend. Add buttermilk mixture to dry ingredients and stir until blended. Mix in cheese, corn, red peppers, basil, and onion. Transfer to prepared pan.', 'Bake cornbread until golden and tester inserted comes out clean, about 45 minutes. Cool 20 minutes in pan. Cut cornbread into squares.']",http://images.media-allrecipes.com/userphotos/560x315/582853.jpg,55,100,4.32,46
1,Crispy Cheese Twists,sweet,0,"['1/2 cup Parmesan cheese', '3/4 teaspoon ground black pepper', '1/2 teaspoon garlic powder', '1 (17.5 ounce) package frozen puff pastry, thawed', '1 egg white']","['Combine parmesan cheese, pepper and garlic powder. Unfold pastry sheets onto cutting board. Brush lightly with egg white; sprinkle each sheet with 1/4 of the cheese mixture. Lightly press into pastry, turn over; repeat. Cut each sheet into 12 (1-inch) strips; twist.', 'Place on ungreased cookie sheet and bake in 350 degrees F (175 degrees C) oven for 15 minutes or until golden brown.']",http://images.media-allrecipes.com/userphotos/250x250/69987.jpg,0,0,4.18,44
2,Mom's Yeast Rolls,soup,0,"['2 cups hot water', '1/2 cup margarine', '1/3 cup white sugar', '2 teaspoons salt', '1/2 cup cold water', '2 (.25 ounce) packages active dry yeast', '5 1/2 cups all-purpose flour', '2 eggs']","['Melt margarine in hot water. Add sugar and salt and stir. Add cold water and yeast. Stir to dissolve yeast.', 'Add 3 cups flour and mix. Add eggs and 2 1/2 - 3 cups more flour. Mix, cover and let rise until dough doubles in size.', 'Punch down and let rise 30 more minutes or until doubles.', 'Make walnut size balls of dough. Place about 2 inches apart in well-buttered 9 x 13 inch pan. Bake in a preheated 350 degrees F (175 degrees C) oven for 30-45 minutes. Brush top of rolls with margarine while hot.']",http://images.media-allrecipes.com/userphotos/250x250/5461.jpg,0,0,3.65,168
3,Sweet Potato Bread I,sauce,0,"['1 1/2 cups white sugar', '1/2 cup vegetable oil', '2 eggs', '1 3/4 cups sifted all-purpose flour', '1 teaspoon baking soda', '1/4 teaspoon salt', '1/2 teaspoon ground cinnamon', '1/2 teaspoon ground nutmeg', '1/3 cup water', '1 cup cooked and mashed sweet potatoes', '1/2 cup chopped pecans']","['Combine sugar and oil; beat well. Add eggs and beat. Combine flour, baking soda, salt, cinnamon and nutmeg. Stir flour mixture into egg mixture alternately with water. Stir in sweet potatoes and chopped nuts.', 'Pour batter into greased 9x5 inch loaf pan (or 2 small loaf pans). Bake at 350 degrees F (175 degrees C) for about one hour.']",http://images.media-allrecipes.com/userphotos/250x250/394676.jpg,0,0,4.7,344
4,Orange Buns,noodle,45,"['1/4 cup butter', '1 teaspoon white sugar', '1 cup hot milk', '2 tablespoons active dry yeast', '6 cups bread flour, divided', '1/2 cup white sugar', '2 eggs', '1 cup orange juice', '1 tablespoon orange zest', '1 teaspoon salt']","['Stir butter and 1 teaspoon sugar into the hot milk until butter is melted. When mixture is lukewarm, stir in yeast and set aside for 5 minutes.', 'When mixture is creamy, transfer to a large mixing bowl. Mix in 2 cups of bread flour. Add 1/2 cup sugar, eggs, orange juice, orange zest, and salt and beat until combined. Add remaining flour, mixing well after each addition, until it pulls away from the sides of the bowl.', 'Knead for about 10 minutes. Transfer dough to a greased bowl, cover with plastic wrap, and let rise until doubled, about 1 hour. If time permits, you can punch dough down, cover it, and let it rise again.', 'Transfer dough to a lightly floured work surface. Cut dough into 3 balls, cover with plastic wrap, and let rest for 10 minutes.', 'Preheat oven to 375 degrees F (190 degrees C). Lightly grease two baking sheets or line with parchment paper.', 'Shape each piece of dough into braided loaves or buns; place on baking sheets. Let rise until doubled, about 30 minutes.', ""Bake until rolls or loaves are golden brown, 10 to 12 minutes for individual buns, about 20 minutes for braids. Frost rolls, if desired (see Cook's Note) or sprinkle with confectioners' sugar.""]",http://images.media-allrecipes.com/userphotos/560x315/4499841.jpg,20,170,4.71,6
5,Cornish Splits,sandwitch,0,"['1 teaspoon active dry yeast', '1 1/4 cups lukewarm milk', '1 tablespoon white sugar', '3 cups unbleached all-purpose flour', '1/4 teaspoon salt', '2 tablespoons butter, melted and cooled']","['In a small bowl, dissolve the yeast in the milk and add the sugar. In another bowl, sift the flour and salt together and add the cooled melted butter.', 'Add the yeast mixture to the flour mixture, and turn out onto a floured counter and knead until the dough is smooth and elastic. Place the dough in an oiled bowl, cover with a clean towel and let rise in a warm, draft free place to 45 minutes.', 'Turn dough out onto the freshly floured board and shape into 9 balls. Place dough balls into a buttered and floured 9 inch square pan. Let them sit, covered for another 15 minutes to rise again. Preheat the oven to 425 degrees F (220 degrees C).', 'Bake for 15-20 minutes until browned and puffed. Split open and serve warm.']",http://images.media-allrecipes.com/userphotos/560x315/1843306.jpg,0,0,4.33,88
6,Jalapeno Cheese Bread,salad,0,"['8 cups all-purpose flour', '4 cups shredded Cheddar cheese', '3/4 cup minced jalapeno peppers', '1/2 cup white sugar', '1 1/2 teaspoons salt', '2 cups hot water', '3 (.25 ounce) packages active dry yeast', '4 tablespoons vegetable oil']","['In a very large bowl, combine 7 cups of flour, cheese, jalapenos, 7 tablespoons sugar and the salt; mix well.', 'In a separate bowl, combine the water, yeast and remaining 1 tablespoon sugar. Let sit about 10 minutes; stir until all yeast is dissolved.', 'Add the oil to the liquid mixture, stirring . Add half of the liquid mixture to the flour mixture. Mix with hands to moisten flour as much as possible. Add remaining liquid mixture to dough and mix until flour is thoroughly incorporated.', 'Turn onto a lightly floured surface and knead by hand until smooth and elastic to the touch, about 15 minutes, gradually adding only enough additional flour to keep dough from sticking.', 'Place in a large greased bowl and invert dough so top is greased; cover with a dry towel and let stand in a warm place (90 - 100F) until doubled in size, about 1 hour. Punch down dough.', 'To Make Bread: Divide dough into 3 equal portions. Form each into a ball, then stretch out dough with both hands and tuck edges under to form a smooth surface. Pop any large air bubbles by pinching them. Form into loaves. (Note: I like to use a rolling pin and roll out dough, which pops all bubbles easily and quickly.) Place in 3 greased 8 1/2 x 4 1/2 inch loaf pans. Cover with towel again and allow to rise until almost doubled in size, about 45 minutes to 1 hour.', 'Bake at 325 degrees F (165 degrees C) until dark brown and done, about 1 hour, rotating the pans after 25 minutes for more even browning. Remove from pan as soon as bread will easily lift out, after about 5 to 10 minutes. Let cool about 1 hour before slicing.']",http://images.media-allrecipes.com/userphotos/560x315/3875224.jpg,0,0,4.33,86
7,Dee's Health Bread,sandwitch,0,"['2 tablespoons active dry yeast', '1 teaspoon white sugar', '1/2 cup warm water', '3 1/2 cups warm water', '1/4 cup honey', '1/4 cup molasses', '1/2 cup vegetable oil', '2 eggs', '2 tablespoons lemon juice', '7 cups whole wheat flour', '1/4 cup flax seed', '1/4 cup cracked wheat', '1/4 cup sunflower seeds', '4 teaspoons salt', '4 cups bread flour']","['In a small bowl, dissolve the yeast and sugar in 1/2 cup warm water. In a large bowl, mix remaining 3 1/2 cups warm water, honey, molasses, oil, eggs and lemon juice. Mix well. Add yeast mixture and stir.', 'Gradually add 5 cups whole wheat flour beating well after each addition. Add the flax, cracked wheat and sunflower seeds, stir well.', 'Let stand for 20 minutes, until mixture is very light. Stir in salt and the rest of the flours until dough pulls away from the sides of the bowl.', 'Knead 10 to 15 minutes until dough is smooth and elastic. Put into a greased bowl and cover, let rise in the oven with light on until doubled, about 1 hour.', 'Punch down and shape into 6 round balls. Cover and let rest for 20 minutes.', 'Form into loaves and let rise covered in oven until doubled. Bake at 375 degrees F (190 degrees C) 25-35 minutes.']",http://images.media-allrecipes.com/userphotos/250x250/111116.jpg,0,0,4.81,133
8,Oatmeal Bread I,meat,45,"['1 cup rolled oats', '1/2 cup molasses', '1/3 cup vegetable oil', '1 teaspoon salt', '1 1/2 cups boiling water', '2 tablespoons active dry yeast', '1/2 cup lukewarm water (100 degrees F/38 degrees C)', '1 cup whole wheat flour', '5 cups bread flour', '2 eggs']","['Combine oats, molasses, oil, salt and boiling water. Let cool to about 105 degrees F.', 'Dissolve the yeast in the warm water and let stand for 5 minutes or until creamy. Stir the yeast into oat mixture and mix well. Add whole wheat flour, 2 cups bread flour, and the eggs. Mix until well combined.', 'Stir in enough of the remaining flour to make a soft dough. Turn dough out to a floured counter and knead for about 10 minutes. Place the dough in a well-greased bowl and cover with greased plastic wrap. Let the dough rest in the refrigerator overnight.', 'Preheat oven to 375 degrees F (190 degrees C). Grease 3 regular loaf pans and 4 mini loaf pans.', 'Transfer the dough onto a floured surface and divide it into 4 pieces. Shape the dough into loaves and place them in the pans, seam-side down. Let rise until doubled, about 90 minutes. Bake in the preheated oven until the loaves are golden brown and sound hollow when tapped, about 30 minutes.']",http://images.media-allrecipes.com/userphotos/250x250/823523.jpg,30,0,4.59,29
9,Strawberry Bread I,salad,0,"['3 cups all-purpose flour', '2 cups white sugar', '1 teaspoon ground cinnamon', '1 teaspoon salt', '1 teaspoon baking soda', '4 eggs', '1 1/4 cups vegetable oil', '1 cup chopped pecans', '1 (10 ounce) package frozen strawberries, thawed']","['Grease and flour a 9 x 5 inch pan well. Preheat oven to 350 degrees F (175 degrees C).', 'In a large mixing bowl, sift together sugar, flour, cinnamon, salt, and baking soda.', 'In a smaller bowl, beat the eggs and oil. Stir in pecans and strawberries. Add egg mixture to the sifted ingredients, and stir until just combined.', 'Bake for 1 hour, or until tester inserted in the center comes out clean.']",http://images.media-allrecipes.com/userphotos/250x250/347834.jpg,0,0,3.95,36
10,Sun Dried Tomato and Asiago Cheese Bread,meat,0,"['1 cup water', '2 tablespoons extra virgin olive oil', '1 teaspoon lemon juice', '2 tablespoons white sugar', '2 tablespoons instant powdered milk', '1 teaspoon salt', '2 1/2 cups bread flour', '1/2 cup amaranth flour', '2 tablespoons chopped sun-dried tomatoes', '1/4 cup grated Asiago cheese', '1 teaspoon dried basil (optional)', '1/2 teaspoon freshly ground black pepper', '1 teaspoon active dry yeast']","['Place all ingredients into bread machine in order given.', 'Bake according to bread machine directions for regular bake.']",http://images.media-allrecipes.com/userphotos/250x250/3010.jpg,0,0,4.57,47
11,Hawaiian Sweet Bread,soup,0,"['1 cup warm water', '5 tablespoons white sugar', '3 cups all-purpose flour', '3/4 teaspoon salt', '2 tablespoons dry milk powder', '2 tablespoons dry potato flakes', '1 tablespoon active dry yeast', '1/4 teaspoon vanilla extract', '1/4 teaspoon lemon extract', '2 eggs', '4 tablespoons margarine']","['Measure ingredients into the bread machine in the order suggested by the manufacturer.', 'Set machine for dough.', 'Place dough in a 9x5 inch loaf pan. Allow to rise until doubled. Preheat the oven to 350 degrees F (175 degrees C).', 'Bake in the preheated oven for about 30 minutes. Crust should be golden and bread should sound hollow when thumped.']",http://images.media-allrecipes.com/userphotos/560x315/2692064.jpg,0,0,4.19,40
12,The Best Corn Bread You'll Ever Eat,sweet,5,"['1 egg', '1 1/3 cups milk', '1/4 cup vegetable oil', '2 cups self-rising corn meal mix', '1 (8 ounce) can cream-style corn', '1 cup sour cream']","['Heat oven to 425 degrees F (220 degrees C). Grease a 9 inch iron skillet.', 'In a large bowl, beat the egg. Add milk, oil, sour cream, cream corn, and cornmeal mix; stir until cornmeal is just dampened. Pour batter into greased skillet.', 'Bake for 25 to 30 minutes, or until knife inserted in center comes out clean.']",http://images.media-allrecipes.com/userphotos/560x315/2985865.jpg,30,35,3.58,68
13,No Knead Refrigerator Rolls,meat,0,"['4 1/2 teaspoons active dry yeast', '2 cups warm water', '1/2 cup white sugar', '2 teaspoons salt', '1/4 cup shortening', '6 1/2 cups all-purpose flour', '1 egg']","['In a large bowl, dissolve yeast in warm water and set aside to proof.', 'In another bowl, mix together sugar, salt, shortening, and egg with an electric mixer at low speed. Add mixture to yeast, and stir in flour. The last 3 cups of flour will have to be mixed in by hand.', 'Cover dough with a damp cloth, and place in refrigerator. Punch down occasionally as dough rises. You can leave dough in refrigerator overnight.', 'Two hours before baking, shape the dough into rolls. Place on greased pans, baking trays or muffin pans. Let rise 2 hours.', 'Bake at 400 degrees F ( 205 degrees C) for 8 to 10 minutes.']",http://images.media-allrecipes.com/userphotos/250x250/359621.jpg,0,0,4.36,41
14,Sourdough Starter I,sweet,10,"['3 tablespoons instant mashed potato flakes', '3 tablespoons white sugar', '1 cup warm water', '2 1/4 teaspoons active dry yeast']","['Combine instant potatoes, sugar, water, and yeast in a covered container. Let the starter sit on a counter for 5 days, stirring daily with a wooden spoon.', 'On the morning of the fifth day, feed the starter with 3 tablespoons instant potatoes, 3 tablespoons sugar, and 1 cup warm water. In the evening, take out 1 cup of the starter to use in a sourdough recipe. Refrigerate the remaining starter.', 'Every five days, feed the starter 3 tablespoons instant potatoes, 3 tablespoons sugar and 1 cup water. If starter is to be used in a recipe, let the fed starter rest at room temperature 6 hours before use. If starter is not being used in a recipe, keep refrigerated and discard 1 cup of starter after each feeding.']",http://images.media-allrecipes.com/userphotos/250x250/906669.jpg,0,0,4.59,94
15,Sourdough Bread I,soup,0,"['1 cup sourdough starter', '1 1/2 cups warm water', '1 1/2 teaspoons salt', '1/2 cup white sugar', '1/2 cup corn oil', '6 cups bread flour']","['Mix sugar, corn oil, salt, water, and 1 cup of sourdough starter together in a large bowl. Sift the flour and add to the mixture. Grease or oil the dough. Place the dough in an oiled bowl, cover, and let rise overnight.', 'The next day, knead the dough for 10 minutes. Divide in half, and place into two greased 4 x 8 inch bread pans. Allow the dough to double in size.', 'Bake at 350 degrees F (175 degrees C) for 40 to 45 minutes, or until bread is golden brown and taps hollow. Turn out to cool on wire racks.']",http://images.media-allrecipes.com/userphotos/560x315/4525477.jpg,0,0,4.49,198
16,Dilly Bread,sandwitch,20,"['1 (.25 ounce) package active dry yeast', '1/4 cup warm water', '1 pinch white sugar', '1 cup cottage cheese', '1 tablespoon margarine', '2 tablespoons white sugar', '2 teaspoons dill seed', '1 teaspoon dried minced onion', '1 teaspoon salt', '1/4 teaspoon baking soda', '1 egg', '2 1/4 cups all-purpose flour', '1 tablespoon margarine, melted', '1 teaspoon kosher salt']","['Stir the yeast into the warm water, and add a pinch of sugar. Set aside to proof.', 'In a large saucepan, warm the cottage cheese and margarine until the fat is melted. Remove from heat, and add sugar, onion flakes, dill seed, salt, and soda. Mix in egg and dissolved yeast. Stir in flour for a stiff dough. Place dough in a greased bowl, and turn several times to thoroughly coat. Let rise until double in size in a warm place, usually 50 to 60 minutes.', 'Stir the dough until it is deflated. Place into an 8 inch round, buttered 2 quart casserole. Let rise 30 to 40 minutes in a warm place.', 'Bake at 350 degrees F (175 degrees C) for 40 to 50 minutes until golden brown. Brush top with melted margarine. Sprinkle lightly with salt.']",http://images.media-allrecipes.com/userphotos/560x315/2317716.jpg,45,145,4.59,47
17,Pumpkin Bread I,meat,25,"['3 1/2 cups all-purpose flour', '2 teaspoons baking soda', '1 teaspoon salt', '1/2 teaspoon baking powder', '3 cups white sugar', '1 teaspoon ground cinnamon', '1 teaspoon pumpkin pie spice', '1 cup applesauce', '4 eggs, lightly beaten', '1 (15 ounce) can pumpkin puree', '1/4 cup water', '1/2 cup chopped walnuts (optional)']","['Preheat oven to 350 degrees F (175 degrees C). Grease three 7 1/2 x 3 1/2-inch loaf pans.', 'In a large mixing bowl combine the flour, soda, salt, baking powder, sugar, cinnamon, and pumpkin pie spice. Stir well. Add applesauce, eggs, pumpkin, and water. Mix batter until well combined. Stir in nuts. Pour batter into prepared pans.', 'Bake until tester inserted in the center of each loaf comes out clean, 50 to 60 minutes.']",http://images.media-allrecipes.com/userphotos/250x250/918150.jpg,50,75,4.59,135
18,Sy's Challah,salad,0,"['1/4 cup white sugar', '1 tablespoon salt', '1/4 cup vegetable oil', '1 1/4 cups warm water', '2 (.25 ounce) packages active dry yeast', '3 eggs', '6 cups all-purpose flour', '1 egg', '1 tablespoon poppy seeds (optional)']","['Place sugar, salt, and oil in either a mixing bowl for an electric mixer with a dough hook or any large bowl. Add hot water, and stir to dissolve the sugar and salt. Stir in yeast, and let stand until mixture gets foamy. Add slightly beaten eggs.', 'If using an electric mixer, add 4 1/2 cups of flour to the yeast mixture. Mix until flour is mixed in, and dough gets stringy. This stringiness indicates that the gluten has developed. Continue to add flour until dough is all on dough hook; 1 or 2 cups is usually sufficient. Let hook continue to knead for several minutes. Dough should be smooth and elastic. To knead by hand, stir 4 1/2 cups of flour in to the yeast mixture. Turn soft dough onto lightly floured surface, and work in 1 to 2 cups of flour. Knead until smooth and elastic, about 8 to 10 minutes.', 'Place dough into a greased bowl, and turn several times to coat the surface. Cover bowl with a damp cloth. Let dough rise until doubled in bulk. Punch down after first rising, and allow to rise a second time. The first rising is about 1 hour, the second about 45 minutes. Two risings makes for a better bread, but if time is a problem just do one.', 'Divide dough in half, and divide each half into three or four equal parts. Make two braids, and place both breads on a greased baking sheet. Cover, and allow to rise until doubled. Brush with beaten egg. Sprinkle with poppy seeds, if desired.', 'Bake at 350 degrees F (175 degrees C) for 35 minutes until golden brown. Allow loaves to cool on a wire rack.']",http://images.media-allrecipes.com/userphotos/560x315/1141764.jpg,0,0,4.64,77
19,Onion Bread I,salad,0,"['2 (.25 ounce) packages active dry yeast', '3/4 cup warm water', '2 cups milk', '3 tablespoons white sugar', '2 1/2 teaspoons salt', '3 tablespoons margarine', '6 1/4 cups all-purpose flour', '1 (1 ounce) package dry onion soup mix']","['Warm the milk in a small saucepan until it bubbles, then remove from heat. Let cool until lukewarm. In a large bowl, stir together yeast, warm water, and 1 teaspoon sugar. Set aside to proof.', 'Add milk, 2 2/3 tablespoons sugar, salt, butter or margarine, flour, and soup mix to the yeast in the bowl. Combine until dough forms, and then turn out on a lightly floured surface. Knead until dough is elastic. Oil a large bowl. Place the dough in the bowl, and turn several times to coat. Cover the bowl with a damp cloth, and set aside in a warm place to rise for 30 minutes.', 'Divide dough in half. Shape into loaves, and place into two greased 8 1/2 x 4 1/2 inch bread pans. Set aside to rise for 30 minutes.', 'Bake at 375 degrees F (190 degrees C) for 40 minutes. Loaf will sound hollow when done.']",http://images.media-allrecipes.com/userphotos/250x250/340352.jpg,0,0,4.5,21
20,Grandma VanDoren's White Bread,salad,0,"['3 cups warm water', '3 tablespoons active dry yeast', '3 teaspoons salt', '4 tablespoons vegetable oil', '1/2 cup white sugar', '8 cups bread flour']","['In a large bowl, combine warm water, yeast, salt, oil, sugar, and 4 cups flour. Mix thoroughly, and let sponge rise until doubled in size.', 'Gradually add about 4 cups flour, kneading until smooth. Place dough in a greased bowl, and turn several times to coat. Cover with a damp cloth. Allow to rise until doubled.', 'Punch down the dough, let it rest a few minutes. Divide dough into three equal parts. Shape into loaves, and place in three 8 1/2 x 4 1/2 inch greased bread pans. Let rise until almost doubled.', 'Bake at 350 degrees F (175 degrees C) for 35 to 45 minutes. The loaves may need to be covered for the last few minutes with foil to prevent excess browning.']",http://images.media-allrecipes.com/userphotos/560x315/3261061.jpg,0,0,4.78,765
21,Italian Bread I,meat,0,"['1/4 cup chopped sun-dried tomatoes', '2 1/2 cups all-purpose flour', '2 tablespoons white sugar', '2 teaspoons baking powder', '1/2 teaspoon baking soda', '1/4 teaspoon salt', '1 teaspoon dried rosemary', '2 tablespoons dried parsley', '1 cup shredded sharp Cheddar cheese', '1/4 cup chopped green onions', '1 egg', '1 1/2 cups buttermilk', '3 tablespoons olive oil', '1 clove crushed garlic']","['Preheat oven to 350 degrees F (175 degrees C). Grease a 9 x 5 loaf pan.', 'Whisk together the oil, egg, and buttermilk in a small bowl.', 'In a large bowl, whisk together flour, sugar, baking powder, soda, salt, and dried herbs. Stir in cheese and onions. Pour buttermilk mixture into the flour mixture, and stir to combine. Add garlic and tomatoes until evenly distributed. Spread batter into prepared pan. Smooth top, and tap pan on counter to remove bubbles.', 'Bake for 60 to 65 minutes, until golden. Cool loaf on wire rack.']",http://images.media-allrecipes.com/userphotos/560x315/422084.jpg,0,0,3.97,22
22,Sunday Dinner Rolls,fish,0,"['1 (.25 ounce) package active dry yeast', '1/4 cup warm water', '1 pinch white sugar', '1/2 cup white sugar', '2 eggs', '1 cup warm water', '1/2 cup vegetable oil', '1 teaspoon salt', '4 cups all-purpose flour']","['In a large bowl, stir yeast, 1/4 cup warm water, and a pinch of sugar.', ""In another bowl, beat eggs in 1 cup warm water; add oil and salt. Mix egg mixture into yeast, and add sugar. Gradually add flour. Cover with a damp cloth, and allow to stand at room temperature for 1 hour, then place in the refrigerator and allow to rise overnight. This dough is rather sticky, and will raise to at least twice it's size."", 'Divide the dough into 4 equal parts. Roll each section out into a circle on a floured board or wax paper. Cut into pizza slice shapes, and roll slices large end to small end. Place on greased flat baking pans, and allow to rise for 2 hours.', 'Bake at 375 degrees F (190 degrees C) for 8 minutes.']",http://images.media-allrecipes.com/userphotos/250x250/196189.jpg,0,0,4.48,155
23,Banana Wheat Bread,meat,0,"['2 cups whole wheat flour', '1/4 cup wheat germ', '1 teaspoon salt', '1 teaspoon baking soda', '1 1/2 cups mashed bananas', '1/4 cup vegetable oil', '1/2 cup honey', '2 eggs', '1 teaspoon vanilla extract', '1/2 cup chopped pecans']","['Grease a 9 x 5 inch loaf pan. Preheat oven to 350 degrees (175 degrees C).', 'Combine oil, honey, eggs, vanilla, and mashed bananas in a bowl.', 'In a large bowl, whisk together flour, wheat germ, salt, and baking soda. Make a well in dry ingredients, and add the banana mixture. Mix together until dry ingredients are moistened. Stir in nuts. Pour batter into prepared pan.', 'Bake 1 hour in preheated oven. Test for doneness, and cool on wire rack.']",http://images.media-allrecipes.com/userphotos/250x250/202505.jpg,0,0,4.57,168
24,Banana Bread,salad,15,"['1 1/2 cups all-purpose flour', '1 teaspoon baking soda', '1/2 teaspoon salt', '1 cup white sugar', '2 eggs, beaten', '1/4 cup butter, melted', '3 bananas, mashed']","['Grease and flour two 7x3 inch loaf pans. Preheat oven to 350 degrees F (175 degrees C).', 'In one bowl, whisk together flour, soda, salt, and sugar. Mix in slightly beaten eggs, melted butter, and mashed bananas. Stir in nuts if desired. Pour into prepared pans.', 'Bake at 350 degrees F (175 degrees C) for 1 hour, or until a wooden toothpick inserted in the center comes out clean.']",http://images.media-allrecipes.com/userphotos/560x315/4480205.jpg,60,75,4.68,887
25,Candied Fruit Bread,sandwitch,0,"['2 cups sifted all-purpose flour', '4 teaspoons baking powder', '1/2 teaspoon salt', '1/4 teaspoon ground cinnamon', '3/4 cup white sugar', '1/4 cup chopped candied citron', '1/4 cup currants', '2 tablespoons chopped candied cherries', '2 tablespoons chopped candied lemon peel', '1/4 cup chopped blanched almonds', '1/4 cup chopped pecans', '1 cup milk', '2 eggs', '3 tablespoons butter, melted']","['Grease an 8 x 5 inch loaf tin thoroughly. Preheat oven to 375 degrees F (190 degrees C).', 'In a small bowl, beat the eggs well. Add milk and melted butter or shortening, and mix well.', 'Sift together flour, baking powder, salt, and cinnamon into a large mixing bowl. Add sugar, prepared fruits and nuts, and mix well. Add egg mixture to fruit and nut mixture, stirring just enough to blend. Turn batter into greased loaf tin. Let stand for 20 minutes.', 'Place pan in center of oven on middle rack. Bake for 60 to 70 minutes. Turn out on wire rack, and allow to cool for several hours before slicing.']",http://images.media-allrecipes.com/userphotos/250x250/325017.jpg,0,0,4.56,8
26,Nut and Fruit Bread,salad,0,"['2 cups sifted all-purpose flour', '4 teaspoons baking powder', '1/2 teaspoon salt', '1/2 cup white sugar', '3/4 cup chopped walnuts', '1 cup raisins', '1 tablespoon orange zest', '1 egg', '1 cup milk', '2 tablespoons butter, melted']","['Grease an 8 x 5 inch loaf tin thoroughly. Preheat oven to 350 degrees F (175 degrees C).', 'In a small bowl, beat the egg well. Mix in milk and melted butter or shortening.', 'Sift flour, baking powder, and salt together into a mixing bowl. Add sugar, nuts, raisins and orange rind; mix well. Blend egg mixture into fruit and nut mixture until flour is just moistened. Turn batter into greased loaf tin, and allow to stand for 20 minutes.', 'Place pan in the center of the oven. Bake for 55 to 60 minutes. Turn bread out on wire rack, and cool for several hours before slicing.']",http://images.media-allrecipes.com/userphotos/560x315/4499063.jpg,0,0,4.67,6
27,Mother's Banana Bread,sweet,15,"['1 3/4 cups all-purpose flour', '2 teaspoons baking powder', '1/4 teaspoon baking soda', '1/2 teaspoon salt', '2/3 cup white sugar', '1/3 cup butter, softened', '2 eggs', '1 cup mashed banana', '1/2 cup chopped walnuts']","['Grease an 8x4 inch loaf pan. Preheat oven to 350 degrees F (175 degrees C).', 'In a large mixing bowl, sift together flour, baking powder, baking soda, salt, and sugar. Add butter, eggs, nuts, and mashed banana. Beat until well blended.', 'Pour batter into prepared pan and bake about 1 hour, or until a toothpick inserted in the center of the loaf comes out clean.']",http://images.media-allrecipes.com/userphotos/560x315/1032660.jpg,60,75,4.45,219
28,Pumpernickel Bread I,salad,0,"['1 1/2 cups warm milk', '1 1/2 tablespoons vegetable oil', '3 tablespoons molasses', '2 1/2 cups bread flour', '1 cup rye flour', '1/3 cup cornmeal', '1 teaspoon salt', '1 3/4 teaspoons active dry yeast', '3 tablespoons unsweetened cocoa powder']","['Place ingredients into the bread machine in order suggested by the manufacturer.', 'Use the Light Crust or Whole Wheat settings. Start the machine.']",http://images.media-allrecipes.com/userphotos/250x250/975243.jpg,0,0,3.83,13
29,Buttermilk Bread I,sweet,0,"['1 1/2 cups buttermilk', '1 1/2 tablespoons margarine', '2 tablespoons white sugar', '1 teaspoon salt', '3 cups bread flour', '1 1/3 cups whole wheat flour', '2 1/4 teaspoons active dry yeast']","['Place buttermilk, butter or margarine, sugar, salt, flour, whole wheat flour, and yeast into pan of bread machine.', 'Bake on White Bread setting. Cool on wire racks before slicing.']",http://images.media-allrecipes.com/userphotos/560x315/4460345.jpg,0,0,3.79,37
30,Sun Dried Tomato Focaccia,meat,0,"['1 cup water', '3 cups bread flour', '2 tablespoons dry milk powder', '3 1/2 tablespoons white sugar', '1 teaspoon salt', '3 tablespoons margarine', '2 teaspoons active dry yeast', '1/2 cup chopped sun-dried tomatoes', '2 tablespoons olive oil', '2 tablespoons Parmesan cheese', '2 teaspoons dried rosemary, crushed', '1 teaspoon garlic salt', '1 cup shredded mozzarella cheese']","['Place water, flour, powdered milk, sugar, salt, butter or margarine, tomatoes, and yeast into bread machine in the order suggested by the manufacturer. Set to Dough cycle, and start the machine. Dough will be 1/2 pound.', 'When the bread machine has finished the Dough cycle, take the dough out. Knead for 1 minute by hand. Place in an oiled bowl, and turn a few times to coat the surface of the dough. Cover with a damp cloth, and let rise for 15 minutes in a warm place.', 'Dust a 10 x 15 inch baking tray with cornmeal. Roll out dough to fit the pan. Make indentations in the dough with your finger tips. Brush top surface with oil, and cover with a damp cloth. Allow to rise for 30 minutes.', 'Sprinkle with parmesan, rosemary, garlic salt, and mozzarella.', 'Bake at 400 degree F (205 degrees C) for 15 minutes, or until nicely browned. Cool slightly, and cut into squares for serving.']",http://images.media-allrecipes.com/userphotos/250x250/259396.jpg,0,0,4.36,46
31,Michell Jenny's Challah,sweet,150,"['7/8 cup water', '1/2 tablespoon salt', '1/4 cup honey', '2 eggs', '1/4 cup butter, melted', '4 cups all-purpose flour', '2 teaspoons active dry yeast']","['Place water, salt, honey, eggs, melted butter or margarine, flour, and yeast in order given into the bread machine. Set the machine to Dough cycle, and start.', 'Remove dough from the machine after first rising. Divide dough into three or four equal pieces. Braid the pieces, and tuck the ends under; pinch to seal. Place on a greased baking tray. This bread can also be made in a 9 x 5 inch greased loaf pan. Allow to rise until doubled in size.', 'Preheat oven to 350 degrees F (175 degrees C).', 'Bake in preheated oven until the crust is a deep golden brown, about 35 to 45 minutes.']",http://images.media-allrecipes.com/userphotos/250x250/342995.jpg,35,185,4.73,76
32,Potato Bread I,meat,0,"['3/4 cup water', '2/3 cup instant mashed potato flakes', '1 egg', '2 tablespoons margarine', '2 tablespoons white sugar', '1/4 cup dry milk powder', '1 teaspoon salt', '3 cups bread flour', '1 1/2 teaspoons active dry yeast']","['Add ingredients to bread machine in order suggested by the manufacturer. Add enough water to make a firm dough; use less if leftover potatoes are used.', 'Bake at regular bread cycle.']",http://images.media-allrecipes.com/userphotos/560x315/1363429.jpg,0,0,4.11,14
33,Delicious Pumpkin Bread,soup,10,"['3 1/4 cups all-purpose flour', '3 cups white sugar', '2 teaspoons baking soda', '1 1/2 teaspoons salt', '1 teaspoon ground nutmeg', '1 teaspoon ground cinnamon', '2 cups solid pack pumpkin puree', '2/3 cup water', '1 cup vegetable oil', '4 eggs', '1/2 cup chopped walnuts (optional)']","['Grease and flour three 7 x 3 inch pans. Preheat oven to 350 degrees F (175 degrees C).', 'Measure flour, sugar, baking soda, salt, and spices into a large bowl. Stir to blend. Add pumpkin, water, vegetable oil, eggs, and nuts. Beat until well combined. Pour batter into prepared pans.', 'Bake for approximately 1 hour.']",http://images.media-allrecipes.com/userphotos/560x315/780123.jpg,60,70,4.75,537
34,Mom's Zucchini Bread,wrap,20,"['3 cups all-purpose flour', '1 teaspoon salt', '1 teaspoon baking soda', '1 teaspoon baking powder', '1 tablespoon ground cinnamon', '3 eggs', '1 cup vegetable oil', '2 1/4 cups white sugar', '3 teaspoons vanilla extract', '2 cups grated zucchini', '1 cup chopped walnuts']","['Grease and flour two 8 x 4 inch pans. Preheat oven to 325 degrees F (165 degrees C).', 'Sift flour, salt, baking powder, soda, and cinnamon together in a bowl.', 'Beat eggs, oil, vanilla, and sugar together in a large bowl. Add sifted ingredients to the creamed mixture, and beat well. Stir in zucchini and nuts until well combined. Pour batter into prepared pans.', 'Bake for 40 to 60 minutes, or until tester inserted in the center comes out clean. Cool in pan on rack for 20 minutes. Remove bread from pan, and completely cool.']",http://images.media-allrecipes.com/userphotos/560x315/1037957.jpg,60,100,4.76,6304
35,Cinnamon Cranraisin Bread,sweet,0,"['3/4 cup warm water', '1 egg, lightly beaten', '1 tablespoon margarine', '2 2/3 cups all-purpose flour', '3 tablespoons dry milk powder', '2 tablespoons white sugar', '2 teaspoons ground cinnamon', '1 teaspoon vanilla extract', '1 teaspoon salt', '1 1/2 teaspoons active dry yeast', '1/2 cup sweetened dried cranberries']","['Place warm water, egg, butter or margarine, flour, powdered milk, sugar, cinnamon, vanilla, salt, and yeast into the bread machine in the order suggested by the manufacturer. Start the machine.', 'After the first rise, add the dried cranberries. Continue baking.']",http://images.media-allrecipes.com/userphotos/250x250/40591.jpg,0,0,4.62,102
36,Molasses-Oat Bran Bread,soup,0,"['1 (.25 ounce) package active dry yeast', '1 pinch white sugar', '1 cup warm water', '2 tablespoons butter, melted', '1/3 cup molasses', '1 cup oat bran', '3 cups whole wheat flour', '1/2 teaspoon salt', '1 tablespoon oat bran']","['In a large bowl, dissolve yeast and a pinch of sugar in warm water. Set aside to rest for about 5 minutes.', 'Mix butter or margarine and molasses into yeast. Add 1 cup oat bran, 2 cups flour, and salt. Stir, and add flour as needed to make dough stick together. When dough forms a ball, turn out onto a lightly floured surface. Knead for 8 to 10 minutes, adding flour as needed to make a slightly sticky and moist dough. Place in a buttered bowl, and turn to coat the surface. Cover with a damp cloth, and let rise until doubled in bulk, about 1 1/2 to 2 hours.', 'Punch down, and form into two round or oval loaves. Place on a greased baking sheet, and allow to rise 1 hour, or until loaves have doubled in size. Sprinkle 1 tablespoon oat bran on top of the loaves.', 'Bake in a preheated 350 degrees F (175 degrees C) oven for 35 to 45 minutes, or until the tops are a nice dark brown and the bottoms of the loaves sound hollow when tapped.']",http://images.media-allrecipes.com/userphotos/250x250/855219.jpg,0,0,3.88,14
37,Fabulous Homemade Bread,sauce,0,"['1/2 cup warm water', '3 (.25 ounce) packages active dry yeast', '1/4 cup bread flour', '1 tablespoon white sugar', '2 cups quick cooking oats', '2 cups whole wheat flour', '4 1/2 cups warm water', '1 1/2 tablespoons salt', '2/3 cup brown sugar', '2/3 cup vegetable oil', '10 cups bread flour']","['In the mixing bowl of an electric mixer, stir together 1/2 cup warm water, 1 tablespoon sugar, 1/4 cup bread flour, and yeast. Let grow for about 5 minutes. It will bubble almost immediately.', 'Measure oats, 4 1/2 cups warm water, whole wheat flour, salt, 2/3 cup sugar, and 2/3 cup oil into the mixing bowl. Mix on low speed with a dough hook for 1 to 2 minutes. Increase speed slightly, and begin adding bread flour 1/2 to 1 cup at a time until dough pulls away from sides of bowl. Humidity determines how much flour you need before the bread pulls away from the edge of the bowl. It is normal for the dough to be sticky.', 'Place dough in an oiled bowl, and turn to coat the surface. Cover with a damp cloth. Let rise in a warm spot for 1 hour, or until doubled in size.', 'Divide dough into 6 pieces. Shape loaves, and place in greased 8 x 4 inch pans. Let rise until dough is 1 inch above rim of pans, usually 1 hour.', 'Bake at 350 degrees F ( 175 degrees C) for 35 minutes, or until tops are browned. Let cool in pans for 10 minutes, and then turn out onto wire racks to cool completely.']",http://images.media-allrecipes.com/userphotos/560x315/1092454.jpg,0,0,4.75,507
38,Persimmon Bread I,noodle,0,"['2 eggs', '1 1/2 cups all-purpose flour', '3/4 cup white sugar', '1/2 teaspoon salt', '1/2 cup vegetable oil', '1 teaspoon ground cinnamon', '1 cup persimmon pulp', '1/2 cup chopped walnuts', '1 teaspoon baking soda', '1/2 cup raisins']","['Preheat oven to 325 degrees F (165 degrees C). Oil a 9 x 4 inch pan.', 'In a small bowl, combine flour, cinnamon, salt, nuts, and raisins.', 'In a large bowl, blend eggs, sugar, and oil. Mix baking soda into pulp, and add to sugar mixture. Fold in flour mixture. Pour batter into prepared pan.', 'Bake for 75 minutes, or until tester inserted in the center comes out clean.']",http://images.media-allrecipes.com/userphotos/560x315/1690519.jpg,0,0,4.6,84
39,Cinnamon Carrot Bread,sandwitch,0,"['3/4 cup white sugar', '1/4 cup packed brown sugar', '3/4 cup sunflower seed oil', '2 cups all-purpose flour', '2 teaspoons baking powder', '1 teaspoon baking soda', '1 teaspoon ground cinnamon', '2 eggs', '1 pinch salt', '1 cup grated carrots', '1/2 cup chopped pecans', '1/2 teaspoon vanilla extract']","['Preheat oven to 350 degrees F (175 Degrees C). Grease and flour a 9 x 5 inch loaf pan.', 'In a large bowl, beat together the sugars and sunflower oil. Sift flour, baking powder, baking soda, cinnamon, and salt into the bowl while stirring occasionally. Beat the eggs together, and gradually stir into the batter until everything is combined. Mix in carrots, pecans, and vanilla until well combined. Pour batter into prepared pan.', 'Bake on middle rack for 60 minutes, or until it tests done. Cool in pan for 10 minutes, and then turn out onto wire rack to cool completely.']",http://images.media-allrecipes.com/userphotos/560x315/1425213.jpg,0,0,4.17,91
40,Strawberry Bread II,salad,0,"['1/2 cup butter, softened', '1 cup white sugar', '2 eggs, separated', '2 cups all-purpose flour', '1 teaspoon baking powder', '1 teaspoon baking soda', '1/2 teaspoon almond extract', '1 (10 ounce) package frozen strawberries - thawed, drained and juice reserved']","['Lightly grease a 9 x 5 inch glass loaf pan, and line with greased waxed paper. Preheat oven to 350 degrees F (175 Degrees C).', 'In a large bowl, cream together butter or margarine, sugar, and almond extract. Separate eggs, and beat in egg yolks one at a time until light and fluffy. Sift flour, baking powder and soda into creamed mixture, and mix thoroughly. Stir in 1/4 cup strawberry juice. Fold in strawberries.', 'In another bowl, beat egg whites until stiff. Fold into strawberry batter. Turn batter into prepared pan. Lightly drop pan to pop any air bubbles.', 'Bake for 50 to 60 minutes, or until tester inserted in the center comes out clean. Cool for 15 minutes in the pan, and then cool completely on a wire rack before slicing.']",http://images.media-allrecipes.com/userphotos/560x315/712001.jpg,0,0,4.29,16
41,Alienated Blueberry Muffins,sandwitch,15,"['2 cups fresh blueberries', '1/4 cup all-purpose flour', '2 cups all-purpose flour', '4 teaspoons baking powder', '1 teaspoon salt', '1/4 cup margarine', '1 1/2 cups white sugar', '2 eggs', '1 teaspoon vanilla extract', '1 cup milk']","['Preheat oven to 375 degrees F (190 degrees C). Grease muffins tins, or line cups with paper liners.', 'Sprinkle 1/4 cup flour over blueberries, and stir to coat berries thoroughly.', 'In a small bowl, whisk together 2 cups flour, baking powder and salt.', 'In a large bowl, cream margarine, and gradually mix in sugar. Beat eggs, and stir into creamed mixture along with vanilla. Stir in milk alternately with flour mixture, mixing well after each addition. Fold in berries. Fill muffin cups 2/3 full with batter.', 'Bake for 25 minutes.']",http://images.media-allrecipes.com/userphotos/250x250/104519.jpg,25,40,3.97,292
42,Yummy Lemon Bread,meat,0,"['6 tablespoons butter, melted', '1 cup white sugar', '1/2 cup milk', '2 eggs', '1 1/2 cups all-purpose flour', '1 teaspoon baking powder', '1 tablespoon grated lemon zest', '1/2 cup chopped walnuts', '2 tablespoons lemon juice', ""2 tablespoons confectioners' sugar""]","['Generously grease a 9 x 5 inch loaf pan. Preheat oven to 350 degrees F (175 degrees C).', 'In a large bowl, combine melted butter or margarine and sugar. Add eggs, and mix until light and fluffy. Add milk, baking powder, lemon rind, and chopped nuts. Mix well. Sift flour, and gradually add to mixture; mix to just combine.', 'Bake for 50 to 60 minutes, or until tester inserted in the center comes out clean.', ""While bread is baking, combine lemon juice and confectioners' sugar in small dish. Stir well before using. Immediately upon removing bread from oven, place pan on a cooling rack. Using a large fork, poke holes all over the bread. Pour lemon juice mixture over the top of the bread. Cool for 15 minutes, and then remove from pan.""]",http://images.media-allrecipes.com/userphotos/560x315/4513559.jpg,0,0,4.43,25
43,Nick's Favorite Cherry Pecan Bread,salad,0,"['1/2 cup margarine', '3/4 cup white sugar', '2 eggs', '1 cup buttermilk', '1 teaspoon baking soda', '1/2 teaspoon salt', '1 teaspoon vanilla extract', '2 cups all-purpose flour', '1 (10 ounce) jar maraschino cherries, drained and chopped', '1 cup chopped pecans']","['Preheat oven to 350 degrees F (175 degrees C). Grease a 9 x 5 inch loaf pan.', 'In a large bowl, cream butter or margarine and sugar together. Add eggs, and continue mixing until light and fluffy. Add baking soda, salt, and vanilla; mix thoroughly. Alternately add buttermilk and flour to the creamed mixture, mixing only enough to hold ingredients together. Fold in cherries and nuts, mixing lightly. Turn batter into prepared pan.', 'Bake for 50 to 60 minutes, or until bread tests done. Cool completely before slicing.']",http://images.media-allrecipes.com/userphotos/560x315/1025280.jpg,0,0,4.36,26
44,Swedish Rye Bread I,meat,0,"['1 1/2 (0.6 ounce) cakes compressed fresh yeast', '1 1/2 cups warm water', '1 1/2 cups warm milk', '1 tablespoon salt', '6 cups bread flour', '1/4 cup molasses', '1 cup packed brown sugar', '1/3 cup melted shortening', '3 cups rye flour']","['Dissolve yeast in warm water.', 'Scald milk. Transfer milk to a large bowl, and add salt, molasses, brown sugar, and melted shortening. Cool to lukewarm, and add dissolved yeast. Add rye flour, beating with mixer. Gradually beat in white flour. Place dough in a greased bowl, and turn to coat the surface. Cover with a damp towel, and allow to rise till double in bulk in a warm place.', 'Punch down the dough, and place on a lightly floured board. Knead until dough becomes elastic, and does not stick to the board. Allow to rest for 5 minutes. Divide into 3 equal portions, and shape into loaves. Place in greased 9 x 5 inch bread pans. Let rise until double in bulk.', 'Bake at 375 degrees F (190 degrees C) for 35 to 40 minutes.']",http://images.media-allrecipes.com/userphotos/560x315/970576.jpg,0,0,4.55,28
45,Bran Muffins I,soup,0,"['2 cups raisin bran cereal', '4 cups whole bran cereal', '2 cups boiling water', '1 cup shortening', '3 cups white sugar', '4 eggs', '4 cups buttermilk', '5 cups all-purpose flour', '5 teaspoons baking soda', '1 1/2 teaspoons salt']","['Mix cereal and boiling water together in a metal bowl, and allow to cool.', ""Cream shortening, sugar, and eggs in a large bowl. Add buttermilk and cooled cereal mixture. Combine flour, baking soda, and salt; stir into the creamed mixture until flour is moistened. Batter should be lumpy. Put batter into a one gallon wide mouth jar. When using mix, use a ladle to get batter out of the jar; don't mix or stir."", 'When ready to use, spoon batter into muffin tins. Bake at 375 degrees F (195 degrees C) for approximately 15 minutes.']",http://images.media-allrecipes.com/userphotos/560x315/4460499.jpg,0,0,4.59,49
46,Zucchini Walnut Bread,sweet,0,"['1 cup chopped walnuts', '4 eggs', '2 cups white sugar', '1 cup vegetable oil', '3 1/2 cups all-purpose flour', '1 1/2 teaspoons baking soda', '1 1/2 teaspoons salt', '1 teaspoon ground cinnamon', '3/4 teaspoon baking powder', '2 cups grated zucchini', '1 cup raisins', '1 teaspoon vanilla extract']","['Whisk together flour, baking soda, salt, cinnamon, and baking powder.', 'In a large bowl, beat the eggs. Gradually beat in sugar, then oil. Add flour mixture alternately with zucchini into the egg mixture. Stir in the raisins, walnuts, and vanilla. Pour batter into two 9 x 5 inch greased and lightly floured loaf pans.', 'Bake on lowest rack of the oven at 350 degrees F (175 degrees C) for 55 minutes. Let cool for 10 minutes in the pan, then turn out onto racks to cool completely. To freeze, wrap loaves in plastic wrap, and then wrap in heavy freezer paper. Will keep indefinitely.']",http://images.media-allrecipes.com/userphotos/250x250/645944.jpg,0,0,4.48,56
47,Apricot Nut Bread,meat,0,"['1 (15 ounce) can apricot halves', '1/3 cup shortening', '1/2 cup white sugar', '2 eggs', '1 3/4 cups sifted all-purpose flour', '1 teaspoon baking powder', '1/2 teaspoon baking soda', '1/2 teaspoon salt', '1/2 cup chopped walnuts']","['Drain apricots, and save syrup. Puree apricots in a food processor, adding syrup if necessary to make 1 cup.', 'Whisk together the flour, baking powder, soda, and salt.', 'In a large bowl, cream together shortening and sugar. Add eggs one at a time, and beat fill fluffy. Add flour mixture alternately with apricot puree to the creamed mixture. Stir in nuts. Spread batter into a greased and floured 9 x 5 loaf pan.', 'Bake at 350 degrees F (175 degrees C) for 50 minutes. Remove from pan, and cool on a rack.']",http://images.media-allrecipes.com/userphotos/250x250/14764.jpg,0,0,3.83,11
48,Babka I,sweet,45,"['2 cups milk', '1/2 pound unsalted butter, at room temperature', '1 (0.6 ounce) cake cake yeast', '1/2 cup warm water (110 degrees F/45 degrees C)', '4 eggs, room temperature', '4 egg yolks, room temperature', '1 cup white sugar', '1 teaspoon salt', '1 teaspoon vanilla extract', '1 tablespoon orange liqueur (optional)', '3 tablespoons grated orange zest', '1 tablespoon grated lemon zest', '10 cups all-purpose flour, or as needed', '1 1/2 cups dried currants', '1 1/2 cups raisins', '1 1/2 cups golden raisins', '1 cup chopped slivered almonds', 'Topping:', '1 cup all-purpose flour', '1/2 cup packed brown sugar', '1 teaspoon ground cinnamon', '4 tablespoons butter', '1 eggs', '1 tablespoon water']","['In a small saucepan, heat milk until just below boiling. Add butter and stir until melted. Remove from heat, and let cool until lukewarm.', 'Place cake yeast in a small bowl; pour 1/2 cup lukewarm water over the yeast. Stir with a spoon to break up the yeast slightly; set aside.', 'In a mixing bowl, beat 4 eggs and egg yolks with an electric mixer with a paddle attachment. Add 1 cup sugar and salt, and continue to beat until mixture is thick and pale. Stir in vanilla, orange liqueur, zests, and yeast mixture. Beat in 2 cups flour on low speed; when incorporated, add 2 more cups of flour and mix until combined. Add cooled milk mixture alternately with an additional 4 cups flour, beating on medium-low speed.', 'If the dough is very sticky, add up to 1 cup of flour. Mix in currants, raisins, golden raisins, and almonds.', 'Transfer dough to a well-floured work surface and knead about 8 to 10 minutes, adding reserved flour if needed. Shape dough into a ball. Transfer dough to a large greased bowl, and turn to coat. Cover with greased plastic wrap.', 'Place in a warm place and allow it to rise until dough has doubled, about 1 1/2 to 2 hours. Punch the dough down, re-cover the bowl, and allow to rise again for an additional 1 1/2 hours.', 'Preheat oven to 350 degrees F (175 degrees C). Butter 3 tube pans.', 'In a small bowl, combine 1 cup flour, 1/2 cup brown sugar, and cinnamon. Cut in 4 tablespoons butter to form crumb topping. Sprinkle evenly among the 3 pans.', 'Turn out dough onto a lightly floured surface. Knead for 1 minute. Cut dough into thirds. Flatten each piece of dough into a rectangle and roll it up into a log, pinching the seam to seal. Lay each log seam-side up in the prepared pans, pinching ends together to form rings. Cover loosely with plastic wrap. Allow to rise for 30 minutes.', 'Beat an egg with 1 tablespoon water to make an egg wash. Before baking, gently brush egg wash over each loaf.', 'Bake babkas in preheated oven until until golden brown and hollow sounding when tapped, about 30 to 45 minutes. Immediately turn out onto a cooling rack so bread does not stick to the pan. Cool completely before slicing.']",http://images.media-allrecipes.com/userphotos/560x315/12469.jpg,40,295,4.79,13
49,Brazilian Banana Bread,soup,25,"['3 tablespoons margarine', '2 cups white sugar', '3 egg yolks', '3 cups all-purpose flour', '1 tablespoon baking powder', '1 cup milk', '3 egg whites', '6 bananas', '2 tablespoons white sugar', '1 teaspoon ground cinnamon']","['Preheat oven to 350 degrees F (175 degrees C). Grease a 9x13 inch pan.', 'In a large bowl, mix together margarine and sugar until smooth. Mix in yolks. Stir in flour and baking powder alternately with the milk.', 'In another bowl, beat egg whites until doubled in volume. Fold beaten whites into the dough. Spread into a greased 9 x 12 inch pan. Slice bananas over the top of the dough. In a small bowl, mix together the 2 tablespoons sugar and the cinnamon; sprinkle over bananas.', 'Bake at 350 degrees F (175 degrees C) for 30 to 35 minutes, or until a toothpick inserted into the center comes out clean. Allow to cool.']",http://images.media-allrecipes.com/userphotos/250x250/682510.jpg,35,60,4.14,16
50,Easy Banana Bread,sandwitch,20,"['5 very ripe bananas', '4 eggs', '1 cup shortening', '2 1/2 cups white sugar', '1 tablespoon vanilla extract', '3 1/2 cups all-purpose flour', '2 teaspoons baking soda', '1 teaspoon salt']","['Preheat oven to 300 degrees F (150 degrees C). Grease 2 - 9x5 inch loaf pans. In a medium bowl, mash bananas and stir in the eggs until well blended. Set aside.', 'In large bowl, beat shortening and gradually add sugar. Stir in vanilla and banana mixture. Whisk together flour, baking soda, and salt; blend into batter. Add walnuts if desired. Divide between the prepared pans.', 'Bake for 1 hour 15 minutes in the preheated oven, or until a toothpick inserted into the center of the loaf comes out clean.']",http://images.media-allrecipes.com/userphotos/560x315/297927.jpg,70,90,4.72,559
51,Banana Oat Muffins,meat,15,"['1 1/2 cups unbleached all-purpose flour', '1 cup rolled oats', '1/2 cup white sugar', '2 teaspoons baking powder', '1 teaspoon baking soda', '1/2 teaspoon salt', '1 egg', '3/4 cup milk', '1/3 cup vegetable oil', '1/2 teaspoon vanilla extract', '1 cup mashed bananas']","['Combine flour, oats, sugar, baking powder, soda, and salt.', 'In a large bowl, beat the egg lightly. Stir in the milk, oil, and vanilla. Add the mashed banana, and combine thoroughly. Stir the flour mixture into the banana mixture until just combined. Line a 12-cup muffin tin with paper bake cups, and divide the batter among them.', 'Bake at 400 degrees F (205 degrees C) for 18 to 20 minutes.']",http://images.media-allrecipes.com/userphotos/560x315/2193539.jpg,20,35,4.48,1005
52,Canadian Doughnuts,salad,0,"['1 tablespoon white sugar', '1/2 cup warm water (110 degrees F/45 degrees C)', '1 tablespoon active dry yeast', '1/4 cup vegetable oil', '2 1/3 cups warm water (110 degrees F/45 degrees C)', '1 teaspoon salt', '4 tablespoons white sugar', '4 cups all-purpose flour', '4 cups whole wheat flour', '1 tablespoon lemon juice', '3 tablespoons white sugar', '1 teaspoon ground cinnamon']","['Dissolve 1 tablespoon sugar and yeast in 1/2 cup warm water. Set aside until creamy.', 'In a large bowl, mix together oil, 2-1/3 cups water, salt, and 4 tablespoons sugar. Add yeast, and gradually mix in flour. Place dough in a buttered bowl, and turn to coat. Cover with a damp tea towel, and place in a warm place to rise for 1-1/2 hours.', 'Form dough into balls about the size of eggs, then roll flat to make ovals about 1/4 inch thick.', 'Heat oil to 350 degrees F (175 degrees C) in a deep fryer, pot, or electric frying pan. Fry doughnuts one at a time, until light brown on both sides. Place on paper towels to drain. Sprinkle with white sugar, cinnamon, and lemon juice while still hot.']",http://images.media-allrecipes.com/userphotos/560x315/3735815.jpg,0,0,4.2,23
53,Beer Bread I,salad,0,"['1 (12 fluid ounce) can or bottle beer', '3 cups self-rising flour', '3 tablespoons white sugar']","['In a large bowl, mix together the sugar and flour. Add beer and continue to mix, first using a wooden spoon, then your hands. Batter will be sticky. Pour into a 9 x 5 inch greased loaf pan.', 'Bake at 350 degrees F (175 degrees ) for 50 for 60 minutes. The top will be crunchy, and the insides will be soft. Serve topped with butter or cheese spread.']",http://images.media-allrecipes.com/userphotos/250x250/114163.jpg,0,0,4.52,691
54,Beer Biscuits,salad,0,"['2 cups all-purpose flour', '3 teaspoons baking powder', '1 teaspoon salt', '1/4 cup shortening', '3/4 cup beer']","['Preheat oven to 450 degrees F (230 degrees C).', 'Sift together flour, baking powder, and salt. Cut in shortening until it has cornmeal consistency. Stir in beer, and knead lightly.', 'Roll dough out to 1/2 inch thickness. Cut with biscuit cutter.', 'Bake 10 to 12 minutes, or until golden brown.']",http://images.media-allrecipes.com/userphotos/250x250/9997.jpg,0,0,4.06,103
55,Cardamom Bread,meat,0,"['1 egg', '1/4 cup water', '1/2 cup evaporated skim milk', '1 teaspoon salt', '1 1/2 teaspoons canola oil', '3 cups bread flour', '1 teaspoon ground cardamom', '3 tablespoons white sugar', '1 teaspoon active dry yeast']","['Place all ingredients into bread machine in the proper order for your machine. Use the Dough cycle.', 'At end of the Dough cycle, remove dough from the machine. Place on a lightly floured board, and let it rest, covered, for about 10 minutes.', 'Shape dough into a loaf, and place it in a 9 x 5 inch greased bread pan. Cover, and let rise for 45 minutes.', 'Just before baking, brush the top of the dough with a little milk, and slash a line down the center. Bake at 375 degrees F (190 degrees C) for 30 to 35 minutes. Remove from pan, and cool on a wire rack.']",http://images.media-allrecipes.com/userphotos/250x250/933080.jpg,0,0,3.76,13
56,Three C Bread,fish,0,"['3 eggs, beaten', '1/2 cup vegetable oil', '1/2 cup milk', '2 1/2 cups sifted all-purpose flour', '1 cup white sugar', '1 teaspoon baking powder', '1 teaspoon baking soda', '1 teaspoon ground cinnamon', '1/2 teaspoon salt', '2 cups grated carrots', '1 (3.5 ounce) package flaked coconut', '1/2 cup maraschino cherries, chopped', '1/2 cup raisins', '1/2 cup chopped pecans']","['Preheat oven to 350 degrees F (175 degrees C). Grease and flour four 16 ounce fruit or vegetable cans.', 'In a large bowl, sift together flour, sugar, baking powder, baking soda, cinnamon, and salt. Combine the eggs, oil, and milk; add to the sifted ingredients, and mix until just combined. Stir in carrots, coconut, cherries, raisins, and pecans.', 'Bake for 45 to 50 minutes. Remove from cans, and cool thoroughly. Wrap in plastic wrap or foil, and refrigerate to store.']",http://images.media-allrecipes.com/userphotos/560x315/967605.jpg,0,0,4,3
57,Grandma Cornish's Whole Wheat Potato Bread,meat,0,"['1 medium potato, peeled', '2 cups water', '1 teaspoon salt', '1/3 cup white sugar', '1/3 cup shortening', '1 tablespoon salt', '6 cups warm milk', '3 (.25 ounce) packages active dry yeast', '1/2 cup warm water (110 degrees F/45 degrees C)', '1 teaspoon white sugar', '15 cups whole wheat flour']","['Dissolve yeast and 1 teaspoon sugar in 1/2 cup warm water.', 'Boil one medium peeled potato in 2 cups water with 1 teaspoon salt. Mash the potato in a medium bowl, while reserving the water. Combine the mashed potato, potato water, 1/3 cup of sugar, shortening or oil, 1 tablespoon salt, and milk in a large bowl.', 'Make sure the milk mixture is warm, and add the yeast. Stir in 15 cups of whole wheat flour.', 'Turn dough out onto a lightly floured surface. Knead for about 10 minutes. Place in greased bowl, and turn to coat the surface. Cover with a damp cloth, and allow to rise until doubled. Rising time will be about 1 1/2 hours. Punch down, and knead again for 3 minutes. Place back in bowl, and allow to rise again until doubled. The second rising period should be about 1 hour. Punch down. Form 4 loaves, and place into 9 x 5 inch greased bread pans. Let dough rise again for 30 - 60 minutes.', 'Bake at 325 degrees F (165 degrees C) for 1 hour.']",http://images.media-allrecipes.com/userphotos/250x250/738061.jpg,0,0,4.14,21
58,Chocolate Bread,salad,0,"['1 tablespoon sunflower seed oil', '2 teaspoons salt', '1 3/4 cups warm water (110 degrees F/45 degrees C)', '1 (.25 ounce) package instant yeast', '6 cups bread flour', '4 1/2 tablespoons white sugar', '3/4 cup unsweetened cocoa powder']","['Combine flour, salt, yeast, sugar, cocoa, sunflower oil, and water in a large bowl. Stir everything with a wooden spoon until you have a soft dough.', 'Place the dough on a lightly floured surface. Knead for five minutes, until smooth and elastic.', 'Divide the dough in half, and roll each half into a ball. Place both on a baking sheet. Cut crisscross designs in the tops, and cover with a kitchen towel. Let rise until double in size.', 'Bake at 425 degrees F (220 degrees C) for 35 minutes.']",http://images.media-allrecipes.com/userphotos/560x315/808346.jpg,0,0,3.71,14
59,Strawberry Rhubarb Muffins,sandwitch,0,"['1 cup bread flour', '1/3 cup amaranth flour', '2/3 cup brown rice flour', '2 teaspoons baking powder', '1/2 teaspoon baking soda', '1/2 teaspoon ground allspice', '1/2 cup chopped rhubarb', '1/2 cup water', '1/4 cup honey', '3 tablespoons vegetable oil', '1 egg', '1/2 cup chopped strawberries']","['Place rhubarb and water in a saucepan, and bring to a boil. Cook until tender, about 15 minutes. Strain the rhubarb, and reserve the juice. Measure the juices, and if necessary, add a bit of water to make 3/4 cup liquid.', 'Whisk together rhubarb juice, honey, oil, and egg.', 'In a large bowl, mix flours, baking powder, baking soda, and allspice. Pour juice mixture into flour mixture, and stir briefly to combine. Do not overmix. Fold in rhubarb and strawberries. Spoon batter into 12 oiled or paper lined muffin cups.', 'Bake at 375 degrees F (190 degrees C) for 22 to 25 minutes.']",http://images.media-allrecipes.com/userphotos/560x315/1019279.jpg,0,0,3.83,6
60,Poppy Seed Bread I,salad,0,"['1 teaspoon salt', '1/4 cup poppy seeds', '3 cups all-purpose flour', '4 eggs', '1 1/2 cups vegetable oil', '2 cups white sugar', '1 teaspoon baking soda', '1 teaspoon vanilla extract', '1 cup milk']","['Preheat oven to 325 degrees F (165 degrees C). Grease and flour two 9 x 5 inch loaf pans.', 'Mix the flour, salt, sugar, and soda in a mixing bowl. Add vanilla, milk, eggs, and oil. Beat for five minutes with an electric mixer. Stir in the poppy seeds. Pour batter into loaf pans.', 'Bake for one hour. Cool on wire racks.']",http://images.media-allrecipes.com/userphotos/560x315/1035036.jpg,0,0,4.48,19
61,Zucchini Bread,sweet,20,"['3 cups all-purpose flour', '3 eggs', '2 cups white sugar', '1 cup vegetable oil', '2 cups grated zucchini', '1 cup semisweet chocolate chips', '1 teaspoon ground cinnamon', '1 teaspoon baking soda', '1/4 teaspoon baking powder', '1/2 cup sour cream']","['Preheat oven to 350 degrees F (175 degrees C). Grease two 9x5-inch loaf pans.', ""Beat together eggs, sugar, and oil. Blend in the grated zucchini, and then the sour cream. Mix in the flour, baking powder, soda, and cinnamon. Stir in chocolate chips or raisins (see Cook's Note). Pour batter into prepared pans."", 'Bake in preheated oven until a tester inserted in the center of each loaf comes out clean, about 80 minutes. Cool on wire rack.']",http://images.media-allrecipes.com/userphotos/560x315/2678805.jpg,80,100,4.5,239
62,Honey Wheat Bread I,salad,25,"['1 (.25 ounce) package rapid rise yeast', '1 teaspoon white sugar', '1/2 cup warm water (110 degrees F/45 degrees C)', '1 (12 fluid ounce) can evaporated milk', '1/4 cup water', '1/4 cup melted shortening', '1/4 cup honey', '2 teaspoons salt', '2 cups whole wheat flour', '3 cups bread flour', '2 tablespoons butter']","['Dissolve yeast and sugar in 1/2 cup warm water.', 'Combine milk, 1/4 cup water, shortening, honey, salt and wheat flour in food processor or bowl. Mix in yeast mixture, and let rest 15 minutes. Add bread flour, and process until dough forms a ball. Knead dough by processing an additional 80 seconds in food processor, or mix and knead by hand 10 minutes. Place the dough in a buttered bowl, and turn to coat. Cover the bowl with plastic wrap. Let dough rise for 45 minutes, or until almost doubled.', 'Punch down, and divide dough in half. Roll out each half, and pound out the bubbles. Form into loaves, and place in buttered 9x5 inch bread pans. Butter the tops of the dough, and cover loosely with plastic wrap. Let rise in a warm area until doubled; second rise should take about 30 minutes.', 'Place a small pan of water on the bottom shelf of the oven. Preheat oven to 375 degrees F (190 degrees C).', 'Bake for 25 to 35 minutes, or until tops are dark golden brown. Butter crusts while warm. Slice when cool.']",http://images.media-allrecipes.com/userphotos/250x250/672956.jpg,35,150,4.77,592
63,Honey White Bread,sweet,0,"['1 cup milk', '3 tablespoons unsalted butter, melted', '2 tablespoons honey', '3 cups bread flour', '3/4 teaspoon salt', '3/4 teaspoon vitamin c powder', '3/4 teaspoon ground ginger', '1 1/2 teaspoons active dry yeast']",['Assemble ingredients in the order suggested in your bread machine manual. Select the Basic Bread cycle.'],http://images.media-allrecipes.com/userphotos/250x250/85794.jpg,0,0,4.57,34
64,Mom's Hazelnut Special,meat,0,"['1/2 tablespoon active dry yeast', '1 1/4 cups bread flour', '1 cup whole wheat flour', '1 tablespoon bread flour (optional)', '1 1/8 cups warm water (110 degrees F/45 degrees C)', '1 tablespoon sesame seeds', '1 1/2 tablespoons sunflower seeds', '2 cups chopped hazelnuts', '1 tablespoon white sugar', '1 1/2 tablespoons vegetable oil', '2/3 teaspoon salt']","['Follow the directions for your bread machine, but do not reserve the nuts for later: add them at the beginning for better flavor.']",http://images.media-allrecipes.com/global/recipes/nophoto/nopicture-910x511.png,0,0,2.5,4
65,Quick Lemon Poppy Seed Bread,sweet,0,"['1 (18.25 ounce) package lemon cake mix', '4 eggs', '1/2 cup vegetable oil', '1 (3 ounce) package instant lemon pudding mix', '1 cup water', '1/4 cup poppy seeds']","['Preheat oven to 350 degrees F (175 degrees C). Grease and flour 2 - 8x4 inch loaf pans.', 'In a large bowl, mix together the cake mix, eggs, oil, pudding mix, water, and poppy seeds. Spread batter into two greased 8x4 inch loaf pans.', 'Bake at 350 degrees F (175 degrees C) for 25 minutes or until a toothpick inserted into the cake comes out clean.']",http://images.media-allrecipes.com/userphotos/250x250/306413.jpg,0,0,4.73,117
66,Maple Zucchini Bread,meat,0,"['3 eggs', '1 cup vegetable oil', '1 cup packed brown sugar', '1 cup white sugar', '3 teaspoons maple flavored extract', '2 1/2 cups all-purpose flour', '1/2 cup wheat germ', '2 teaspoons baking soda', '2 teaspoons salt', '1/2 teaspoon baking powder', '2 cups grated zucchini', '1 cup chopped walnuts']","['In a mixing bowl, beat the 3 eggs; add oil, sugars and flavoring, mixing until foamy. Blend in the flour, wheat germ, baking powder, soda, and salt. Stir in zucchini and nuts. Pour batter into 2 greased bread pans', 'Bake at 325 degrees F (165 degrees C) for 1 hour. Cool.']",http://images.media-allrecipes.com/userphotos/560x315/2614949.jpg,0,0,4.45,16
67,Chocolate Chip Orange Zucchini Bread,soup,0,"['3 eggs', '2 cups white sugar', '1 cup vegetable oil', '2 teaspoons vanilla extract', '2 cups grated zucchini', '1 cup chopped walnuts', '1 cup semisweet chocolate chips', '1 tablespoon orange zest', '3 cups all-purpose flour', '1/4 teaspoon baking powder', '1 teaspoon baking soda', '1 teaspoon salt', '1/2 teaspoon ground cinnamon', '1 teaspoon ground nutmeg']","['Sift together flour, baking powder, soda, salt, and spices.', 'In a large bowl, beat eggs until light and fluffy. Add sugar, and continue beating until well blended. Stir in oil, vanilla, zucchini, nuts, chocolate chips, and orange rind. Blend in sifted ingredients. Turn batter into two greased 9 x 5 inch loaf pans.', 'Bake at 350 degrees F (175 degrees C) for 50 minutes, or until bread tests done. Remove loaves from pans, and cool. Chill before slicing.']",http://images.media-allrecipes.com/userphotos/560x315/688015.jpg,0,0,4.68,365
68,Chocolate Chip Pumpkin Bread,wrap,30,"['3 cups white sugar', '1 (15 ounce) can pumpkin puree', '1 cup vegetable oil', '2/3 cup water', '4 eggs', '3 1/2 cups all-purpose flour', '1 tablespoon ground cinnamon', '1 tablespoon ground nutmeg', '2 teaspoons baking soda', '1 1/2 teaspoons salt', '1 cup miniature semisweet chocolate chips', '1/2 cup chopped walnuts (optional)']","['Preheat oven to 350 degrees F (175 degrees C). Grease and flour three 1 pound size coffee cans, or three 9x5 inch loaf pans.', 'In a large bowl, combine sugar, pumpkin, oil, water, and eggs. Beat until smooth. Blend in flour, cinnamon, nutmeg, baking soda, and salt. Fold in chocolate chips and nuts. Fill cans 1/2 to 3/4 full.', 'Bake for 1 hour, or until an inserted knife comes out clean. Cool on wire racks before removing from cans or pans.']",http://images.media-allrecipes.com/userphotos/250x250/978173.jpg,60,90,4.73,596
69,Red Pepper Biscuits,sweet,0,"['2 3/4 cups baking mix', '1/2 teaspoon crushed red pepper flakes', '3/4 teaspoon garlic powder', '1 cup milk', '1 cup shredded Cheddar cheese', '2 tablespoons butter, melted']","['Preheat oven to 425 degrees F (220 degrees C).', 'Combine biscuit mix, pepper, and 1/2 teaspoon garlic powder in a large bowl. With a fork, stir in milk and cheese until mixture forms a soft dough. Drop by 1/4 cupfuls onto greased cookie sheet.', 'Combine butter and remaining 1/4 teaspoon garlic powder, and brush on top of biscuits.', 'Bake for 10 to 12 minutes, or until golden brown.']",http://images.media-allrecipes.com/userphotos/560x315/808838.jpg,0,0,4.36,31
70,Chocolate Wave Zucchini Bread,soup,0,"['1/3 cup shortening', '1 1/3 cups white sugar', '2 eggs', '1 1/2 cups grated zucchini', '1/3 cup water', '1 teaspoon vanilla extract', '1 2/3 cups all-purpose flour', '1 teaspoon baking soda', '1/2 teaspoon salt', '1/4 teaspoon baking powder', '1 teaspoon pumpkin pie spice', '1/3 cup chopped walnuts', '3 tablespoons unsweetened cocoa powder', '1/3 cup mini semi-sweet chocolate chips']","['Preheat oven to 350 degrees F (175 degrees C). Grease one 9 x 5 inch loaf pan.', 'In a large bowl, cream shortening and sugar together. Mix in eggs. Add zucchini, water, and vanilla; stir. Blend in flour, baking soda, salt , baking powder, and pumpkin pie spice. Stir in nuts.', 'Divide batter in half, and add cocoa powder and chocolate chips to one of the halves. Pour plain batter into bottom of the loaf pan. Pour chocolate batter on top of plain batter.', 'Bake until wooden pick inserted into center comes out clean, about 1 hour. Cool 10 minutes, and remove from pan. Store in refrigerator.']",http://images.media-allrecipes.com/userphotos/560x315/439773.jpg,0,0,4.62,199
71,Wheat and Barley Bread,sauce,70,"['3/4 cup wheat and barley nugget cereal (e.g. Grape-Nuts)', '1 1/4 cups buttermilk', '1 egg', '3/4 cup white sugar', '1 teaspoon baking soda', '1 teaspoon salt', '2 cups all-purpose flour', '2 tablespoons melted shortening']","['In a small bowl, soak grape nuts in buttermilk for 1 hour.', 'In a large bowl, combine buttermilk mixture, sugar, salt, egg, and baking soda. Stir until sugar dissolves. Mix in the melted shortening and the flour. Pour batter into a greased and floured 9 x 5 inch loaf pan.', 'Bake at 350 degrees F (175 degrees C) for about 45 minutes. Cool.']",http://images.media-allrecipes.com/userphotos/250x250/911794.jpg,45,115,4.46,12
72,Tomato Bread I,noodle,0,"['1 cup tomato juice', '1 cup water', '1 (.25 ounce) package instant yeast', '1/4 cup vegetable oil', '1/3 cup honey', '1/4 cup chopped fresh parsley', '1/4 cup chopped green onions', '2 cloves garlic', '1 carrot, shredded', '1 teaspoon salt', '6 cups bread flour']","['In a sauce pan, heat the tomato juice and water over a low heat until warm to the touch. Pour into a large warmed bowl, and add yeast and honey; stir to dissolve yeast. Allow to rest until yeast is creamy.', 'Mix in oil, parsley, onion, garlic, carrot, and salt. Add 1 cup of the flour, and stir until smooth. Add more flour, until a firm dough is formed. Knead five minutes on a lightly floured surface. Place dough in a greased bowl, and turn to coat the surface completely. Allow to rise in a warm place until doubled in size.', 'Punch down, and divide into halves. Form two loaves, and put into greased 9 x 5 inch loaf pans. Allow to rise for another 45 minutes, or until loaves have doubled in size.', 'Bake at 400 degrees F (220 degrees C) for about 30 minutes, until golden brown. Remove from pans to wire rack to cool.']",http://images.media-allrecipes.com/userphotos/250x250/225276.jpg,0,0,4.63,7
73,Zucchini Bread II,sandwitch,0,"['3 eggs', '3/4 cup vegetable oil', '1 2/3 cups packed brown sugar', '2 cups grated zucchini', '2 teaspoons vanilla extract', '3 cups all-purpose flour', '3 teaspoons ground cinnamon', '1 1/2 teaspoons baking powder', '1 teaspoon baking soda', '1 teaspoon salt', '1/2 cup raisins', '1/2 cup chopped walnuts']","['In a large bowl, beat eggs well. Add oil, brown sugar, zucchini, and vanilla; stir well. Blend in flour, cinnamon, baking powder, soda, and salt. Stir in raisins and nuts. Pour batter into two greased and floured 9 x 5 inch loaf pans.', 'Bake at 325 degrees F (165 degrees C) for 1 hour. Cool.']",http://images.media-allrecipes.com/userphotos/250x250/317655.jpg,0,0,4.51,185
74,Mall Pretzels,salad,30,"['1 (.25 ounce) package active dry yeast', '2 tablespoons brown sugar', '1 1/8 teaspoons salt', '1 1/2 cups warm water (110 degrees F/45 degrees C)', '3 cups all-purpose flour', '1 cup bread flour', '2 cups warm water (110 degrees F/45 degrees C)', '2 tablespoons baking soda', '2 tablespoons butter, melted', '2 tablespoons coarse kosher salt']","['In a large mixing bowl, dissolve the yeast, brown sugar and salt in 1 1/2 cups warm water. Stir in flour, and knead dough on a floured surface until smooth and elastic, about 8 minutes. Place in a greased bowl, and turn to coat the surface. Cover, and let rise for one hour.', 'Combine 2 cups warm water and baking soda in an 8 inch square pan. Line 6 baking sheets with parchment paper.', 'After dough has risen, cut into 12 pieces. Roll each piece into a 3 foot rope, pencil thin or thinner. Twist into a pretzel shape, and dip into the baking soda solution. Place onto parchment covered baking sheets, and let rise 15 to 20 minutes.', 'Preheat an oven to 450 degrees F (230 degrees C).', 'Bake in the preheated oven for 8 to 10 minutes, or until golden brown. Brush with melted butter, and sprinkle with coarse salt, garlic salt or cinnamon sugar.']",http://images.media-allrecipes.com/userphotos/250x250/51399.jpg,20,180,4.61,1131
75,Soft Pretzels I,sandwitch,0,"['1 1/3 cups warm water (110 degrees F/45 degrees C)', '2 tablespoons margarine', '1 1/2 tablespoons white sugar', '3/4 teaspoon salt', '4 cups all-purpose flour', '2 1/2 teaspoons active dry yeast', '4 cups water', '1 1/2 tablespoons baking soda', '2 tablespoons kosher salt']","['In a large bowl, dissolve the yeast and sugar in the warm water. Proof for 5 minutes.', 'Mix in butter or margarine, flour, and salt. Cut dough into short strips, roll into ropes, and shape into pretzels. Cover, and let rise on a greased baking sheet for about 45 minutes.', 'In a cast iron or other nonaluminum pan, bring water and baking soda almost to a boil. Gently lower pretzels into water for about 1 minute, turning once. Do not let water come to a full boil. Remove pretzels, and return to greased baking sheet. Sprinkle with kosher salt.', 'Bake at 475 degrees F (245 degrees C) for about 12 minutes.']",http://images.media-allrecipes.com/userphotos/250x250/981090.jpg,0,0,3.93,66
76,Sweet Potato Rolls,meat,0,"['1 (.25 ounce) package active dry yeast', '4 tablespoons white sugar', '1/2 cup canned sweet potato puree', '1/2 cup warm water (110 degrees F/45 degrees C)', '3 tablespoons margarine, softened', '1 teaspoon salt', '2 eggs', '3 1/2 cups all-purpose flour']","['Dissolve yeast, warm water, and 1 tablespoon sugar in a mixing bowl. Let stand 5 minutes.', 'Add remaining sugar, sweet potato, butter or margarine, salt, and slightly beaten eggs. Stir to mix well. Stir in 3 cups of flour. Turn out on a lightly floured surface. Knead 2 to 3 minutes, adding just enough of remaining flour to prevent sticking. Do not knead too heavily; when smooth, shape into a ball. Place in an oiled bowl, and turn to coat the surface. Cover, and let raise about 1 hour or longer.', 'Punch down, and allow dough to rest for 2 minutes. Divide into 16 to 20 balls, and place on a greased cookie sheet or in a 9x13 inch pan. Allow to rise until doubled.', 'Bake at 375 degrees F (190 degrees C) for 12 to 20 minutes. Serve warm.']",http://images.media-allrecipes.com/userphotos/560x315/3506412.jpg,0,0,4.6,197
77,Tea Biscuits,salad,0,"['2 cups all-purpose flour', '4 teaspoons baking powder', '1 teaspoon salt', '1/2 cup shortening', '3/4 cup milk']","['Preheat oven to 400 degrees F (205 degrees C). Grease a baking sheet.', 'Combine flour, baking powder, and salt. Cut shortening in until mixture has a fine crumb texture. Stir in milk with a fork to make a soft dough. Knead 8 to 10 times, and then roll out to a thickness of at least 1/2 inch. Cut into rounds with a cookie or biscuit cutter. Place on cookie sheet, and allow to rest for a few minutes.', 'Bake for 12 to 15 minutes. Serve warm.']",http://images.media-allrecipes.com/userphotos/250x250/52695.jpg,0,0,4.43,346
78,Cheddar Biscuits,meat,15,"['2 cups biscuit baking mix', '1 cup shredded Cheddar cheese', '2/3 cup milk', '1/2 teaspoon garlic powder', '2 tablespoons margarine, melted', '2 teaspoons dried parsley', '1 teaspoon garlic salt']","['Preheat oven to 400 degrees F (205 degrees C). Grease a cookie sheet, or line with parchment paper.', 'In a large bowl, combine baking mix, Cheddar cheese, and garlic powder. Stir in milk. Drop batter by heaping tablespoonfuls onto prepared cookie sheet.', 'Bake in preheated oven for 10 minutes. Brush biscuits with melted margarine, and sprinkle with parsley and garlic salt. Bake for 5 more minutes, or until lightly browned on the bottom.']",http://images.media-allrecipes.com/userphotos/250x250/118760.jpg,20,35,4.64,430
79,Cottage Dill Bread,soup,0,"['2/3 cup warm water (110 degrees F/45 degrees C)', '2/3 cup cottage cheese', '2 tablespoons margarine', '3 cups bread flour', '1 tablespoon white sugar', '1 tablespoon dry milk powder', '1 tablespoon dried minced onion', '1 tablespoon dill seed', '1 teaspoon salt', '1 1/2 tablespoons active dry yeast']",['Measure ingredients into the machine in the order suggested by the manufacturer. Select the Basic Bread cycle.'],http://images.media-allrecipes.com/userphotos/250x250/35868.jpg,0,0,4.55,83
80,English Muffin Loaves,sweet,0,"['2 (.25 ounce) packages active dry yeast', '6 cups all-purpose flour', '1 tablespoon white sugar', '2 cups milk', '1/4 teaspoon baking soda', '1/2 cup water', '1 teaspoon salt', '2 tablespoons cornmeal']","['In a small saucepan, heat the milk and water until very warm.', 'Combine 3 cups flour, yeast, sugar, salt, and soda in a large bowl. Add the warm milk and water, and beat well. Stir in enough of the remaining flour to make a stiff batter. Spoon into two 9 x 5 inch loaf pans that have been greased and dusted with the cornmeal. Cover, and let rise in a warm place for 45 minutes.', 'Bake at 400 degrees F (205 degrees C) for 25 minutes. Remove from pans immediately, and let cool.']",http://images.media-allrecipes.com/userphotos/250x250/625979.jpg,0,0,4.61,58
81,Parmesan Focaccia Bread,meat,0,"['1 1/3 cups warm water (110 degrees F/45 degrees C)', '1 teaspoon white sugar', '1 teaspoon salt', '4 1/4 cups bread flour', '1 teaspoon lecithin', '3 teaspoons bread machine yeast', '4 teaspoons olive oil', '4 teaspoons dried oregano', '1/3 cup olive oil', '1/3 cup grated Parmesan cheese']","['Place ingredients in the bread machine in the order suggested by the manufacturer. Select Dough setting, and Start.', 'When the dough has risen once in the breadmaker, transfer it into an oiled, 8 inch, round baking tin. Allow to rise until doubled in bulk.', 'Poke it all over with your finger, right to the bottom of the tin. Allow to rest for another five or ten minutes.', 'Pour olive oil over the top of the loaf, and sprinkle with parmesan cheese.', 'Bake at 400 degrees F (205 degrees C) in center of oven for approximately 20 minutes, until golden.']",http://images.media-allrecipes.com/userphotos/560x315/1267.jpg,0,0,4.59,53
82,Darbey Bread,sweet,0,"['2 (1 pound) loaves frozen bread dough, thawed', '1 1/2 cups shredded sharp Cheddar cheese', '1 onion, finely diced', '1/4 cup olive oil', '1 tablespoon Italian seasoning']","['Thaw frozen bread dough loaves until they can be cut into 1 inch cubes.', 'Toss bread cubes with the grated sharp cheddar cheese, diced onion, olive oil and Italian spices. Place in a 9x9 inch square baking pan. Let sit and rise in a warm place until bread has doubled in size.', 'Bake bread in a preheated 350 degrees F (175 degrees C) oven for about 20 minutes or until golden brown and all cheese is melted.']",http://images.media-allrecipes.com/userphotos/250x250/671354.jpg,0,0,4.19,30
83,Nonfat Sour Cream Cake Bread,soup,0,"['3/4 cup fat free sour cream', '1/2 teaspoon salt', '3 tablespoons light brown sugar', '2 egg whites', '1/2 cup skim milk', '1 tablespoon vanilla extract', '3 1/4 cups unbleached all-purpose flour', '2 1/4 teaspoons active dry yeast']","['Combine sour cream, sugar, egg whites, milk, vanilla, salt, and yeast in medium bowl. Mix until smooth.', 'Pile the flour in a large flat pan and make a well in the center. Pour the sour cream mixture into the center and draw in the flour until a soft dough is formed. Gradually work in a little flour until the dough is pliant and soft but not sticky. Knead until smooth but add a minimum of flour to keep the dough from sticking.', 'Place in a pan and leave to rise until doubled in bulk. Beat down, knead briefly, then place in a lightly sprayed 9 inch bundt cake pan. Leave to rise until doubled in bulk.', 'Bake bread in a preheated 425 degrees F (220 degrees C) oven for 25 minutes. Reduce the oven temperature to 350 degrees F (175 degrees C) and bake until golden brown on top. If necessary, cover with foil to keep from darkening. Immediately remove from cake pan and place on rack to cool.']",http://images.media-allrecipes.com/userphotos/560x315/4498168.jpg,0,0,4.44,7
84,Coconut Bread I,sandwitch,15,"['1/2 cup butter, softened', '1 cup vanilla sugar', '2 eggs', '2 teaspoons coconut extract', '2 cups self-rising flour', '1 cup sour cream', '1 cup flaked coconut', ""1 cup confectioners' sugar"", '5 tablespoons milk']","['Preheat oven to 350 degrees F (175 degrees C). Lightly grease one 8x4 inch loaf pan.', 'Cream the butter or margarine, vanilla flavored sugar and eggs together. Add the coconut flavoring and mix well.', 'Mix in the self-rising flour alternately with the sour cream to the creamed mixture. Stir in the flaked coconut. Pour the batter into the prepared pan.', 'Bake at 350 degrees F (175 degrees C) for 50 minutes. Pour glaze over hot loaf and serve.', ""To Make Glaze: Mix the confectioner's sugar and milk together until smooth.""]",http://images.media-allrecipes.com/userphotos/560x315/731350.jpg,50,0,3.94,13
85,Irish Soda Bread I,meat,10,"['4 cups all-purpose flour', '1 cup white sugar', '1 teaspoon baking soda', '2 teaspoons baking powder', '1/2 teaspoon salt', '3 eggs', '1 pint sour cream', '1 cup raisins']","['Preheat oven to 325 degrees F (165 degrees C). Grease two 8x4 inch loaf pans.', 'Mix the flour, sugar, baking soda, baking powder and salt. Add the eggs, sour cream and raisins and mix until just combined. Distribute batter evenly between the two pans.', 'Bake loaves at 325 degrees F (165 degrees C) for 1 hour.']",http://images.media-allrecipes.com/userphotos/560x315/374447.jpg,60,70,4.63,262
86,Ciabatta,salad,20,"['For Sponge (Biga):', '1/8 teaspoon active dry yeast', '2 tablespoons warm water (110 degrees F/45 degrees C)', '1/3 cup warm water', '1 cup bread flour', 'For Bread:', '1/2 teaspoon active dry yeast', '2 tablespoons warm milk (110 degrees F/45 degrees C)', '2/3 cup warm water', '1 tablespoon olive oil', '2 cups bread flour', '1 1/2 teaspoons salt']","['To Make Sponge: In a small bowl stir together 1/8 teaspoon of the yeast and the warm water and let stand 5 minutes, or until creamy. In a bowl stir together yeast mixture, 1/3 cup of the water, and 1cup of the bread flour. Stir 4 minutes, then over bowl with plastic wrap. Let sponge stand at cool room temperature for at least 12 hours and up to 1 day.', 'To Make Bread: In a small bowl stir together yeast and milk and let stand 5 minutes, or until creamy. In bowl of a standing electric mixer fitted with dough hook blend together milk mixture, sponge, water, oil, and flour at low speed until flour is just moistened; add salt and mix until smooth and elastic, about 8 minutes. Scrape dough into an oiled bowl and cover with plastic wrap.', 'Let dough rise at room temperature until doubled in bulk, about 1 1/2 hours. (Dough will be sticky and full of air bubbles.) Turn dough out onto a well-floured work surface and cut in half. Transfer each half to a parchment sheet and form into an irregular oval about 9 inches long. Dimple loaves with floured fingers and dust tops with flour. Cover loaves with a dampened kitchen towel. Let loaves rise at room temperature until almost doubled in bulk, 1 1/2 to 2 hours.', 'At least 45 minutes before baking ciabatta, put a baking stone on oven rack in lowest position in oven and preheat oven to 425 F (220 degrees C).', 'Transfer 1 loaf on its parchment to a rimless baking sheet with a long side of loaf parallel to far edge of baking sheet. Line up far edge of baking sheet with far edge of stone or tiles, and tilt baking sheet to slide loaf with parchment onto back half of stone or tiles. Transfer remaining loaf to front half of stone in a similar manner. Bake ciabatta loaves 20 minutes, or until pale golden. Cool loaves on a wire rack.']",http://images.media-allrecipes.com/userphotos/560x315/421598.jpg,20,0,4.57,197
87,Lower Fat Banana Nut Bread,salad,0,"['3/4 cup fat free sour cream', '4 egg whites', '1/4 cup chopped walnuts', '1/3 cup raisins (optional)', '2 teaspoons baking powder', '2 teaspoons baking soda', '6 very ripe bananas, mashed', '2 tablespoons reduced fat margarine', '1 tablespoon vanilla extract', '1 teaspoon salt', '2/3 cup packed light brown sugar', '4 cups unbleached all-purpose flour']","['Preheat oven to 375 degrees F (190 degrees C). Lightly spray two 8x4x2 inch loaf pans with a non-stick cooking spray.', 'Combine the fat free sour cream, egg whites, vanilla, bananas and margarine and mix on medium speed of electric mixer until smooth, creamy and well blended.', 'Sift the flour, baking powder, baking soda, salt and light brown sugar into the banana mixture. Stir with a spoon until combined. Add more flour if necessary until a thick and rather resistant dough is formed. Fold in the optional nuts and raisins. Mix for 1 minute on the low speed of an electric mixer. Divide dough evenly between the two loaf pans.', 'Bake at 375 degrees F (190 degrees C) until golden and the center tests done. Remove breads from pans immediately and allow to cool on a rack before slicing.']",http://images.media-allrecipes.com/userphotos/250x250/417260.jpg,0,0,4.13,17
88,Orange Nut Bread,salad,15,"['1 tablespoon grated orange zest', '1/3 cup fresh orange juice', '2/3 cup hot water', '2 tablespoons melted shortening', '1 teaspoon vanilla extract', '1 egg', '2 cups all-purpose flour', '1/4 teaspoon salt', '1 teaspoon baking powder', '1/2 teaspoon baking soda', '1 cup white sugar', '1/2 cup chopped walnuts']","['Preheat oven to 350 degrees F (175 degrees C). Grease 3 to 4 mini loaf pans (5x3 inches each).', 'Zest and juice an orange; set 1 tablespoon zest aside. Pour orange juice into a one-cup measuring cup, add boiling water to fill to one cup measurement.', 'Pour juice mixture into a bowl and add the melted shortening, vanilla, egg, flour, salt, baking powder, baking soda, sugar, grated orange zest and chopped nuts. Stir well and pour batter into the prepared pans.', 'Bake at 350 degrees F (175 degrees C) for 45 minutes or until a toothpick comes out clean and bread is nicely browned.']",http://images.media-allrecipes.com/userphotos/250x250/61198.jpg,45,60,3.73,10
89,Poppy Seed Bread II,meat,20,"['3 cups all-purpose flour', '1 1/2 teaspoons salt', '1 1/2 teaspoons baking powder', '3 eggs', '1 1/2 cups milk', '1 cup vegetable oil', '2 1/4 cups white sugar', '1 1/2 tablespoons poppy seeds', '2 teaspoons vanilla extract', '2 teaspoons lemon extract', '2 teaspoons butter flavored extract', '1/4 cup orange juice', ""3/4 cup confectioners' sugar""]","['Preheat oven to 350 degrees F (175 degrees C). Grease two 8x4 inch loaf pans.', 'Mix the flour, salt, baking powder, eggs, milk, vegetable oil, white sugar, poppy seeds, 1 1/2 teaspoons of the vanilla, lemon and butter flavoring. Stir until just combined and pour the batter into the prepared pans.', 'Bake at 350 degrees F (175 degrees C) for 1 hour. Cool for 5 minutes then poke holes in the top of the bread with a meat fork and pour glaze over tops.', ""To Make Glaze: Mix the orange juice, confectioner's sugar, and the remaining 1/2 teaspoon each of the vanilla, butter and lemon flavorings. Use immediately to pour over the still warm loaves.""]",http://images.media-allrecipes.com/userphotos/250x250/733183.jpg,60,80,4.67,12
90,Oatmeal Chocolate Chip Muffins,fish,20,"['1 1/4 cups quick cooking oats', '1 1/4 cups milk', '1 egg', '1/2 cup vegetable oil', '3/4 cup packed brown sugar', '3/4 cup semisweet chocolate chips', '1 cup chopped pecans', '1 1/4 cups all-purpose flour', '4 teaspoons baking powder', '1 teaspoon salt']","['Combine oats and milk and allow to stand for 15 minutes. Preheat oven to 400 degrees F (205 degrees C). Grease each cup of one 12-cup muffin tin.', 'Stir egg, oil, 1/2 cup of the brown sugar, chocolate chips and 1/2 cup of the pecans into the oat and milk mixture.', 'Combine flour, baking powder and salt. Add oat mixture to flour mixture, stirring until just moist. Fill each cup of one 12-cup muffin tin 2/3 full. Sprinkle tops with the remaining brown sugar and pecans.', 'Bake at 400 degrees F (205 degrees C) for 20 to 25 minutes.']",http://images.media-allrecipes.com/userphotos/250x250/138820.jpg,25,45,4.19,476
91,Lower Fat Banana Bread I,meat,15,"['2/3 cup white sugar', '1/4 cup margarine, softened', '2 eggs', '1 cup mashed bananas', '1/4 cup water', '1 2/3 cups all-purpose flour', '1 teaspoon baking soda', '1/2 teaspoon salt', '1/4 teaspoon baking powder']","['Preheat oven to 350 degrees F (175 degrees C). Spray one 9x5x3 inch loaf pan with a non-stick cooking spray.', 'In a medium bowl, beat the white sugar and margarine or butter until smooth and creamy. Beat in the eggs, water and bananas with the sugar mixture until it is well blended.', 'Mix in the flour, baking soda, salt and baking powder just until the mixture is moistened. Be sure to scrape the sides of the bowl to blend all ingredients.', ""Bake at 350 degrees F (175 degree C) for about 60 minutes. Bread is done when the top is firm to the touch and a golden brown color. Time will vary according to loaf size and oven type. When bread is removed from oven, allow it to cool on it's side for 10 minutes, then remove from pan and let cool on a rack. This bread is also excellent if you add mini chocolate chips or small fruit pieces to the mix just before baking.""]",http://images.media-allrecipes.com/userphotos/250x250/11987.jpg,60,75,4.67,377
92,Sourdough Bread II,salad,30,"['2 1/4 teaspoons active dry yeast', '1/2 cup warm water (110 degrees F/45 degrees C)', '2 cups bread flour', '2 cups warm water', '1 tablespoon white sugar', '1 teaspoon salt', '2 1/4 teaspoons active dry yeast', '1/2 cup warm water (110 degrees F/45 degrees C)', '1 1/2 cups sourdough starter', '2 teaspoons white sugar', '1 1/2 teaspoons salt', '1 1/2 teaspoons baking soda', '5 1/2 cups bread flour', '1 tablespoon butter, melted']","['In a medium bowl, dissolve 2 1/4 teaspoons yeast in 1/2 cup warm water. Stir in 2 cups flour, 2 cups lukewarm water, 1 tablespoon sugar, and 1 teaspoon salt. Beat smooth with rotary beater. Let stand 3 to 5 days uncovered at room temperature stirring 2 or 3 times a day. Cover at night to prevent drying.', 'In a large bowl, dissolve 2 1/4 teaspoons yeast in 1/2 cup warm water. Blend in starter batter, 2 teaspoons sugar, and 1 1/2 teaspoons salt. Add 3 1/2 cups flour, and beat with a rotary beater for 3 to 4 minutes. Cover, and let rise till double in bulk.', 'Mix soda with remaining flour; gradually mix into risen dough, adding enough to make the dough stiff. Turn out onto a floured board, and knead 8 to 10 minutes. Shape into one large or 2 medium loaves, and place on a lightly greased baking sheet. With a sharp knife, make diagonal cuts across top of dough. Let rise till double.', 'Bake at 400 degrees F (205 degrees C). Remove medium loaves after 35 to 40 minutes, large loaf after 40 to 45 minutes. Brush with melted butter and let cool before serving.']",http://images.media-allrecipes.com/userphotos/250x250/779958.jpg,100,280,3.57,11
93,Parmesan Herb Bread,sandwitch,15,"['2 cups warm water (110 degrees F/45 degrees C)', '2 tablespoons margarine, softened', '1 1/2 tablespoons dried oregano', '2 tablespoons white sugar', '4 1/2 teaspoons active dry yeast', '1/2 cup grated Parmesan cheese', '4 1/2 cups all-purpose flour', '2 teaspoons salt', '1 tablespoon grated Parmesan cheese']","['Sprinkle yeast over water in large bowl. Let stand a few minutes, then stir and dissolve yeast. Add sugar, salt, margarine, 1/2 cup Parmesan cheese, oregano and 3 cups of the flour. Beat at slow speed for 2 minutes. Beat in rest of flour; cover the bowl with a sheet of wax paper and a kitchen towel. Let rise in a warm place 45 minutes, or until doubled in volume.', 'Preheat oven to 350 degrees F (175 degrees C). Lightly grease one round, 2-quart casserole. Set aside.', 'Stir batter down for 1/2 a minute. Turn batter into casserole. Sprinkle with the remaining 1 tablespoon Parmesan cheese.', 'Bake at 350 degrees F (175 degrees C) for 55 minutes.']",http://images.media-allrecipes.com/userphotos/250x250/226982.jpg,55,115,4.6,39
94,Simple Banana Bread,salad,15,"['4 ripe bananas, mashed', '2/3 cup white sugar', '2 eggs', '2 cups all-purpose flour', '1 teaspoon baking powder', '1/2 teaspoon salt', '1/2 cup chopped walnuts']","['Preheat oven to 350 degrees F (175 degrees C). Grease one 8x4 inch loaf pan and set aside.', 'In a large bowl, sift together the flour, baking powder, and salt. Set aside.', 'In another bowl, mash the bananas and stir in the eggs and sugar. Stir in the flour mixture and mix until just combined, then fold in the chopped nuts (optional). Pour the batter into the prepared pan.', 'Bake at 350 degrees F (175 degrees C) for 55 to 65 minutes or until bread tests done. Remove from oven and cool on a rack for 10 minute, then remove from pan and cool completely. Slice and serve.']",http://images.media-allrecipes.com/userphotos/560x315/3967657.jpg,65,80,3.95,78
95,Unbelievable Rolls,sweet,30,"['3/4 cup milk', '3/4 cup water', '1/2 cup white sugar', '1 teaspoon salt', '2 eggs', '5 teaspoons active dry yeast', '5 cups all-purpose flour', '1/2 cup margarine, melted']","['In a medium saucepan over medium heat, warm milk, water, sugar and salt. Remove from heat, and mix in the eggs and yeast.', 'Measure flour into a large bowl. Make a well in the flour, and pour milk mixture into it. Do not stir. Cover with a lid, and let stand for 20 to 30 minutes.', 'Pour melted margarine into flour, and mix well. Add more flour if too sticky. Knead lightly. Cover, and let rise for 20 to 30 minutes.', 'Shape the dough into rolls, and place on a baking sheet. Let rise again for 20 to 30 minutes.', 'Bake rolls in a preheated 400 degrees F (205 degrees C) oven for 15 minutes, or until done.']",http://images.media-allrecipes.com/userphotos/250x250/144748.jpg,15,135,4.44,657
96,Pecan Sticky Buns,salad,30,"['4 1/2 teaspoons active dry yeast', '1/2 cup warm water (110 degrees F/45 degrees C)', '1 1/4 cups buttermilk', '2 eggs', '5 1/2 cups all-purpose flour', '1/2 cup margarine, softened', '1/2 cup white sugar', '2 teaspoons baking powder', '2 teaspoons salt', '2 tablespoons butter, softened', '1/2 cup white sugar', '2 teaspoons ground cinnamon', '1 cup chopped pecans', '1/2 cup packed brown sugar', '1/2 cup butter, melted']","['Dissolve yeast in warm water in a large mixing bowl. Add buttermilk, eggs, 2 1/2 cups flour, 1/2 cup of the butter or margarine, 1/2 cup of the sugar, baking powder and salt. Blend 30 seconds with mixer on low speed, scraping sides and bottom of bowl. Beat 2 minutes on medium speed. Stir in remaining 3 cups flour. (Dough should remain soft and slightly sticky) Knead for 5 minutes, or about 200 turns on a lightly floured board. Cover dough and allow to rest for half an hour.', 'Divide dough in half and roll each half into a 12x7 inch rectangle. Spread each half with 1 tablespoon soft butter and sprinkle with 1/4 cup of the sugar and 1 teaspoon of the ground cinnamon. Roll up the halves, beginning at the wide side. Seal well by pinching the seams. Cut each roll into 12 slices.', 'Coat two 9 inch round cake pans with 1/4 cup melted butter, 1/4 cup brown sugar, and 1/2 cup chopped pecans in each pan. Place 12 dough slices in each pan, leaving a small space between slices. Let rise until doubled.', 'Bake in a preheated 375 degrees F (190 degrees C) oven for 30 minutes. Invert pans onto serving plates immediately.']",http://images.media-allrecipes.com/userphotos/250x250/478471.jpg,30,100,4.34,29
97,Challah I,sweet,30,"['2 1/2 cups warm water (110 degrees F/45 degrees C)', '1 tablespoon active dry yeast', '1/2 cup honey', '4 tablespoons vegetable oil', '3 eggs', '1 tablespoon salt', '8 cups unbleached all-purpose flour', '1 tablespoon poppy seeds (optional)']","['In a large bowl, sprinkle yeast over barely warm water. Beat in honey, oil, 2 eggs, and salt. Add the flour one cup at a time, beating after each addition, graduating to kneading with hands as dough thickens. Knead until smooth and elastic and no longer sticky, adding flour as needed. Cover with a damp clean cloth and let rise for 1 1/2 hours or until dough has doubled in bulk.', 'Punch down the risen dough and turn out onto floured board. Divide in half and knead each half for five minutes or so, adding flour as needed to keep from getting sticky. Divide each half into thirds and roll into long snake about 1 1/2 inches in diameter. Pinch the ends of the three snakes together firmly and braid from middle. Either leave as braid or form into a round braided loaf by bringing ends together, curving braid into a circle, pinch ends together. Grease two baking trays and place finished braid or round on each. Cover with towel and let rise about one hour.', 'Preheat oven to 375 degrees F (190 degrees C).', 'Beat the remaining egg and brush a generous amount over each braid. Sprinkle with poppy seeds if desired.', 'Bake at 375 degrees F (190 degrees C) for about 40 minutes. Bread should have a nice hollow sound when thumped on the bottom. Cool on a rack for at least one hour before slicing.']",http://images.media-allrecipes.com/userphotos/560x315/277311.jpg,40,220,4.61,481
98,Tasty Buns,meat,20,"['5 cups all-purpose flour', '2 (.25 ounce) packages dry yeast', '1 cup milk', '3/4 cup water', '1/2 cup vegetable oil', '1/4 cup white sugar', '1 teaspoon salt']","['Stir together 2 cups flour and the yeast. In a separate bowl, heat milk, water, oil, sugar and salt to lukewarm in microwave. Add all at once to the flour mixture, and beat until smooth, about 3 minutes.', 'Mix in enough flour to make a soft dough, 2 to 3 cups. Mix well. Dust a flat surface with flour, turn dough out onto floured surface, and let rest under bowl for about 10 minutes.', 'Shape dough into 12 slightly flat balls, and place on greased baking sheet to rise until doubled in size.', 'Bake in a preheated 400 degrees F (200 degrees C) oven for 12 to 15 minutes.']",http://images.media-allrecipes.com/userphotos/250x250/154957.jpg,15,80,4.68,410
99,Breakfast Muffins,sweet,15,"['1 3/4 cups all-purpose flour', '1/3 cup white sugar', '2 1/2 teaspoons baking powder', '1/2 teaspoon salt', '3/4 cup milk', '1 egg, lightly beaten', '1/3 cup butter, melted', '1 cup fresh blueberries']","['Preheat oven to 400 degrees F (200 degrees C). Grease muffin cups, or line them with muffin liners.', 'In a large bowl, whisk together flour, sugar, baking powder, and salt. Add milk, egg, and butter; mix until ingredients are moistened. Do not overmix. Stir in fresh fruit. Spoon batter into prepared muffin cups.', 'Bake in preheated oven until the tops spring back when lightly touched, 20 to 25 minutes. Serve warm.']",http://images.media-allrecipes.com/userphotos/560x315/3426249.jpg,25,40,4.01,108
