id,rating,user
http://allrecipes.com/recipe/6664/basil-roasted-peppers-and-monterey-jack-cornbread/,,
http://allrecipes.com/recipe/6664/basil-roasted-peppers-and-monterey-jack-cornbread/,stars stars-5,"  Kalnems 
                         "
http://allrecipes.com/recipe/6664/basil-roasted-peppers-and-monterey-jack-cornbread/,stars stars-3,"  EMILYKFRANK 
                         "
http://allrecipes.com/recipe/6664/basil-roasted-peppers-and-monterey-jack-cornbread/,,
http://allrecipes.com/recipe/6664/basil-roasted-peppers-and-monterey-jack-cornbread/,,
http://allrecipes.com/recipe/6664/basil-roasted-peppers-and-monterey-jack-cornbread/,stars stars-5,"  Kalnems 
                         "
http://allrecipes.com/recipe/6664/basil-roasted-peppers-and-monterey-jack-cornbread/,stars stars-4,"  BUTTERFLYGARDENER 
                         "
http://allrecipes.com/recipe/6664/basil-roasted-peppers-and-monterey-jack-cornbread/,stars stars-5,"  Doug Matthews 
 "
http://allrecipes.com/recipe/6664/basil-roasted-peppers-and-monterey-jack-cornbread/,stars stars-5,"  Melon03 
                         "
http://allrecipes.com/recipe/6664/basil-roasted-peppers-and-monterey-jack-cornbread/,stars stars-5,"  ROWANBIRDI 
                         "
http://allrecipes.com/recipe/6664/basil-roasted-peppers-and-monterey-jack-cornbread/,stars stars-4,"  naples34102 
                         "
http://allrecipes.com/recipe/6664/basil-roasted-peppers-and-monterey-jack-cornbread/,stars stars-5,"  BICKLEY 
                         "
http://allrecipes.com/recipe/6664/basil-roasted-peppers-and-monterey-jack-cornbread/,stars stars-3,"  EMILYKFRANK 
                         "
http://allrecipes.com/recipe/6664/basil-roasted-peppers-and-monterey-jack-cornbread/,stars stars-5,"  Gitano 
                         "
http://allrecipes.com/recipe/6668/orange-buns/,,
http://allrecipes.com/recipe/6668/orange-buns/,,
http://allrecipes.com/recipe/6668/orange-buns/,,
http://allrecipes.com/recipe/6668/orange-buns/,stars stars-5,"  Gaylene Blackburn 
                         "
http://allrecipes.com/recipe/6668/orange-buns/,stars stars-4,"  jo-in-mexico 
                         "
http://allrecipes.com/recipe/6668/orange-buns/,stars stars-5,"  Lindsey Eustace 
 "
http://allrecipes.com/recipe/6668/orange-buns/,stars stars-4,"  ""Chef"" Bella 
                         "
http://allrecipes.com/recipe/6668/orange-buns/,stars stars-5,"  Rachel Butler 
                         "
http://allrecipes.com/recipe/6668/orange-buns/,stars stars-5,"  Susan Lathsut 
                         "
http://allrecipes.com/recipe/6665/moms-yeast-rolls/,,
http://allrecipes.com/recipe/6665/moms-yeast-rolls/,stars stars-5,"  BARBIE0492 
                         "
http://allrecipes.com/recipe/6665/moms-yeast-rolls/,stars stars-1,"  resapeas 
                         "
http://allrecipes.com/recipe/6665/moms-yeast-rolls/,,
http://allrecipes.com/recipe/6665/moms-yeast-rolls/,,
http://allrecipes.com/recipe/6665/moms-yeast-rolls/,stars stars-1,"  resapeas 
                         "
http://allrecipes.com/recipe/6665/moms-yeast-rolls/,stars stars-5,"  BARBIE0492 
                         "
http://allrecipes.com/recipe/6665/moms-yeast-rolls/,stars stars-4,"  CARAMIA450 
                         "
http://allrecipes.com/recipe/6665/moms-yeast-rolls/,stars stars-5,"  SPARKLES56 
                         "
http://allrecipes.com/recipe/6665/moms-yeast-rolls/,stars stars-5,"  ANGELENA1 
                         "
http://allrecipes.com/recipe/6665/moms-yeast-rolls/,stars stars-4,"  Sarah Jo 
                         "
http://allrecipes.com/recipe/6665/moms-yeast-rolls/,stars stars-5,"  EDIECOOKB 
                         "
http://allrecipes.com/recipe/6669/jalapeno-cheese-bread/,,
http://allrecipes.com/recipe/6667/cornish-splits/,,
http://allrecipes.com/recipe/6665/moms-yeast-rolls/,stars stars-4,"  TAMI D 
                         "
http://allrecipes.com/recipe/6665/moms-yeast-rolls/,stars stars-4,"  MUDDYBOOTS 
                         "
http://allrecipes.com/recipe/6669/jalapeno-cheese-bread/,stars stars-5,"  JKM 
                         "
http://allrecipes.com/recipe/6669/jalapeno-cheese-bread/,stars stars-2,"  Sooki 
                         "
http://allrecipes.com/recipe/6669/jalapeno-cheese-bread/,,
http://allrecipes.com/recipe/6669/jalapeno-cheese-bread/,,
http://allrecipes.com/recipe/6669/jalapeno-cheese-bread/,stars stars-5,"  JKM 
                         "
http://allrecipes.com/recipe/6669/jalapeno-cheese-bread/,stars stars-5,"  Toasty Mama 
                         "
http://allrecipes.com/recipe/6669/jalapeno-cheese-bread/,stars stars-2,"  Sooki 
                         "
http://allrecipes.com/recipe/6669/jalapeno-cheese-bread/,stars stars-5,"  boscoe26 
                         "
http://allrecipes.com/recipe/6669/jalapeno-cheese-bread/,stars stars-4,"  joanne 
                         "
http://allrecipes.com/recipe/6669/jalapeno-cheese-bread/,stars stars-5,"  PINKPIGG33 
                         "
http://allrecipes.com/recipe/6667/cornish-splits/,stars stars-5,"  SARASTONE 
                         "
http://allrecipes.com/recipe/6667/cornish-splits/,stars stars-3,"  RUN2001 
                         "
http://allrecipes.com/recipe/6667/cornish-splits/,,
http://allrecipes.com/recipe/6667/cornish-splits/,,
http://allrecipes.com/recipe/6667/cornish-splits/,stars stars-5,"  SARASTONE 
                         "
http://allrecipes.com/recipe/6667/cornish-splits/,stars stars-5,"  JAWANDMEE 
                         "
http://allrecipes.com/recipe/6667/cornish-splits/,stars stars-5,"  StacieJayne 
                         "
http://allrecipes.com/recipe/6667/cornish-splits/,stars stars-5,"  ROGAMIL 
                         "
http://allrecipes.com/recipe/6667/cornish-splits/,stars stars-5,"  LAURACVIT 
                         "
http://allrecipes.com/recipe/6667/cornish-splits/,stars stars-5,"  AUNTIE SARAH 
                         "
http://allrecipes.com/recipe/6666/sweet-potato-bread-i/,,
http://allrecipes.com/recipe/6672/strawberry-bread-i/,,
http://allrecipes.com/recipe/6669/jalapeno-cheese-bread/,stars stars-5,"  Becky Alsing 
                         "
http://allrecipes.com/recipe/6669/jalapeno-cheese-bread/,stars stars-4,"  nolachef 
                         "
http://allrecipes.com/recipe/6669/jalapeno-cheese-bread/,stars stars-5,"  pepesue 
                         "
http://allrecipes.com/recipe/6667/cornish-splits/,stars stars-4,"  Amy Lee Meola 
                         "
http://allrecipes.com/recipe/6667/cornish-splits/,stars stars-4,"  SILVER_WINGS3 
                         "
http://allrecipes.com/recipe/6667/cornish-splits/,stars stars-5,"  SHEILAMP 
                         "
http://allrecipes.com/recipe/6666/sweet-potato-bread-i/,stars stars-5,"  rde1398 
                         "
http://allrecipes.com/recipe/6666/sweet-potato-bread-i/,stars stars-1,"  Lauren 
                         "
http://allrecipes.com/recipe/6666/sweet-potato-bread-i/,,
http://allrecipes.com/recipe/6666/sweet-potato-bread-i/,,
http://allrecipes.com/recipe/6666/sweet-potato-bread-i/,stars stars-5,"  rde1398 
                         "
http://allrecipes.com/recipe/6666/sweet-potato-bread-i/,stars stars-5,"  Rebecca Laymance 
                         "
http://allrecipes.com/recipe/6666/sweet-potato-bread-i/,stars stars-5,"  Tracey4840 
                         "
http://allrecipes.com/recipe/6666/sweet-potato-bread-i/,stars stars-5,"  chellebelle 
                         "
http://allrecipes.com/recipe/6666/sweet-potato-bread-i/,stars stars-5,"  CookinginFL 
                         "
http://allrecipes.com/recipe/6666/sweet-potato-bread-i/,stars stars-5,"  MommyFromSeattle 
                         "
http://allrecipes.com/recipe/6666/sweet-potato-bread-i/,stars stars-5,"  cinnaminn 
                         "
http://allrecipes.com/recipe/6666/sweet-potato-bread-i/,stars stars-5,"  SARAKM 
                         "
http://allrecipes.com/recipe/6666/sweet-potato-bread-i/,stars stars-4,"  JFLAMINGO 
                         "
http://allrecipes.com/recipe/6672/strawberry-bread-i/,stars stars-5,"  pixiedreams 
                         "
http://allrecipes.com/recipe/6672/strawberry-bread-i/,stars stars-1,"  SPETROVICH 
                         "
http://allrecipes.com/recipe/6672/strawberry-bread-i/,,
http://allrecipes.com/recipe/6672/strawberry-bread-i/,,
http://allrecipes.com/recipe/6672/strawberry-bread-i/,stars stars-1,"  SPETROVICH 
                         "
http://allrecipes.com/recipe/6672/strawberry-bread-i/,stars stars-5,"  pixiedreams 
                         "
http://allrecipes.com/recipe/6672/strawberry-bread-i/,stars stars-5,"  GINGER LEIGH 
                         "
http://allrecipes.com/recipe/6672/strawberry-bread-i/,stars stars-4,"  bluestarsister 
                         "
http://allrecipes.com/recipe/6672/strawberry-bread-i/,stars stars-5,"  JDVMD 
                         "
http://allrecipes.com/recipe/6672/strawberry-bread-i/,stars stars-5,"  PIEHL 
                         "
http://allrecipes.com/recipe/6672/strawberry-bread-i/,stars stars-4,"  DEBORAH 
                         "
http://allrecipes.com/recipe/6672/strawberry-bread-i/,stars stars-4,"  NADES 
                         "
http://allrecipes.com/recipe/6672/strawberry-bread-i/,stars stars-1,"  always1332 
                         "
http://allrecipes.com/recipe/6671/oatmeal-bread-i/,,
http://allrecipes.com/recipe/6671/oatmeal-bread-i/,stars stars-5,"  MommaBear 
                         "
http://allrecipes.com/recipe/6671/oatmeal-bread-i/,stars stars-3,"  Candice Stimpy Moore 
                         "
http://allrecipes.com/recipe/6671/oatmeal-bread-i/,,
http://allrecipes.com/recipe/6671/oatmeal-bread-i/,,
http://allrecipes.com/recipe/6671/oatmeal-bread-i/,stars stars-5,"  MommaBear 
                         "
http://allrecipes.com/recipe/6671/oatmeal-bread-i/,stars stars-5,"  Lys 
                         "
http://allrecipes.com/recipe/6671/oatmeal-bread-i/,stars stars-5,"  IRISHEYESMARGY01 
                         "
http://allrecipes.com/recipe/6671/oatmeal-bread-i/,stars stars-5,"  breadlover 
                         "
http://allrecipes.com/recipe/6671/oatmeal-bread-i/,stars stars-5,"  Muffinmom 
                         "
http://allrecipes.com/recipe/6671/oatmeal-bread-i/,stars stars-4,"  margie 
                         "
http://allrecipes.com/recipe/6671/oatmeal-bread-i/,stars stars-5,"  MACKALLEN 
                         "
http://allrecipes.com/recipe/6671/oatmeal-bread-i/,stars stars-5,"  Kali Peacock 
                         "
http://allrecipes.com/recipe/6671/oatmeal-bread-i/,stars stars-4,"  Momi 
                         "
http://allrecipes.com/recipe/6670/dees-health-bread/,,
http://allrecipes.com/recipe/6670/dees-health-bread/,stars stars-5,"  Michelle Stone 
                         "
http://allrecipes.com/recipe/6670/dees-health-bread/,stars stars-3,"  txmtnmom 
                         "
http://allrecipes.com/recipe/6670/dees-health-bread/,,
http://allrecipes.com/recipe/6670/dees-health-bread/,,
http://allrecipes.com/recipe/6670/dees-health-bread/,stars stars-5,"  Michelle Stone 
                         "
http://allrecipes.com/recipe/6670/dees-health-bread/,stars stars-5,"  Gina 
                         "
http://allrecipes.com/recipe/6670/dees-health-bread/,stars stars-5,"  Callie 
                         "
http://allrecipes.com/recipe/6670/dees-health-bread/,stars stars-5,"  CARLY5575 
                         "
http://allrecipes.com/recipe/6670/dees-health-bread/,stars stars-5,"  Heather U. 
                         "
http://allrecipes.com/recipe/6670/dees-health-bread/,stars stars-5,"  LOTSUJI 
                         "
http://allrecipes.com/recipe/6670/dees-health-bread/,stars stars-5,"  BENTRIVER 
                         "
http://allrecipes.com/recipe/6670/dees-health-bread/,stars stars-5,"  Sarah Jo 
                         "
http://allrecipes.com/recipe/6670/dees-health-bread/,stars stars-5,"  Nacmacfeagle 
                         "
http://allrecipes.com/recipe/6674/hawaiian-sweet-bread/,,
http://allrecipes.com/recipe/6674/hawaiian-sweet-bread/,stars stars-5,"  MrCardinal 
                         "
http://allrecipes.com/recipe/6674/hawaiian-sweet-bread/,stars stars-1,"  LINDAJO 
                         "
http://allrecipes.com/recipe/6674/hawaiian-sweet-bread/,,
http://allrecipes.com/recipe/6674/hawaiian-sweet-bread/,,
http://allrecipes.com/recipe/6674/hawaiian-sweet-bread/,stars stars-5,"  MrCardinal 
                         "
http://allrecipes.com/recipe/6674/hawaiian-sweet-bread/,stars stars-5,"  DEBBIE 
                         "
http://allrecipes.com/recipe/6674/hawaiian-sweet-bread/,stars stars-1,"  LINDAJO 
                         "
http://allrecipes.com/recipe/6674/hawaiian-sweet-bread/,stars stars-4,"  Kelly Kindle Cheney 
                         "
http://allrecipes.com/recipe/6674/hawaiian-sweet-bread/,stars stars-4,"  Bernice Dray 
                         "
http://allrecipes.com/recipe/6674/hawaiian-sweet-bread/,stars stars-3,"  ofenjen 
                         "
http://allrecipes.com/recipe/6674/hawaiian-sweet-bread/,stars stars-4,"  EMERALDCITYJEWEL 
                         "
http://allrecipes.com/recipe/6674/hawaiian-sweet-bread/,stars stars-5,"  BDEGER 
                         "
http://allrecipes.com/recipe/6674/hawaiian-sweet-bread/,stars stars-4,"  Terri Frank Ramseyer 
 "
http://allrecipes.com/recipe/6675/the-best-corn-bread-youll-ever-eat/,,
http://allrecipes.com/recipe/6675/the-best-corn-bread-youll-ever-eat/,stars stars-5,"  Auntnett 
                         "
http://allrecipes.com/recipe/6675/the-best-corn-bread-youll-ever-eat/,stars stars-3,"  GINNYG 
                         "
http://allrecipes.com/recipe/6675/the-best-corn-bread-youll-ever-eat/,,
http://allrecipes.com/recipe/6675/the-best-corn-bread-youll-ever-eat/,,
http://allrecipes.com/recipe/6675/the-best-corn-bread-youll-ever-eat/,stars stars-5,"  Auntnett 
                         "
http://allrecipes.com/recipe/6675/the-best-corn-bread-youll-ever-eat/,stars stars-3,"  GINNYG 
                         "
http://allrecipes.com/recipe/6675/the-best-corn-bread-youll-ever-eat/,stars stars-5,"  Amy Howard 
                         "
http://allrecipes.com/recipe/6675/the-best-corn-bread-youll-ever-eat/,stars stars-5,"  MICHELE56 
                         "
http://allrecipes.com/recipe/6675/the-best-corn-bread-youll-ever-eat/,stars stars-2,"  COCONUTPALM 
                         "
http://allrecipes.com/recipe/6675/the-best-corn-bread-youll-ever-eat/,stars stars-1,"  TGREEN46 
                         "
http://allrecipes.com/recipe/6675/the-best-corn-bread-youll-ever-eat/,stars stars-5,"  jamila31 
                         "
http://allrecipes.com/recipe/6673/sun-dried-tomato-and-asiago-cheese-bread/,,
http://allrecipes.com/recipe/6675/the-best-corn-bread-youll-ever-eat/,stars stars-3,"  DEBORAH FIJAN 
                         "
http://allrecipes.com/recipe/6675/the-best-corn-bread-youll-ever-eat/,stars stars-5,"  LMZ78 
                         "
http://allrecipes.com/recipe/6673/sun-dried-tomato-and-asiago-cheese-bread/,stars stars-5,"  Marlene Rosensweig 
                         "
http://allrecipes.com/recipe/6673/sun-dried-tomato-and-asiago-cheese-bread/,stars stars-2,"  Monica SK 
                         "
http://allrecipes.com/recipe/6673/sun-dried-tomato-and-asiago-cheese-bread/,,
http://allrecipes.com/recipe/6673/sun-dried-tomato-and-asiago-cheese-bread/,,
http://allrecipes.com/recipe/6673/sun-dried-tomato-and-asiago-cheese-bread/,stars stars-5,"  Marlene Rosensweig 
                         "
http://allrecipes.com/recipe/6673/sun-dried-tomato-and-asiago-cheese-bread/,stars stars-5,"  Lindsay 
                         "
http://allrecipes.com/recipe/6673/sun-dried-tomato-and-asiago-cheese-bread/,stars stars-5,"  Loll 
                         "
http://allrecipes.com/recipe/6673/sun-dried-tomato-and-asiago-cheese-bread/,stars stars-4,"  TUNISIANSWIFE 
                         "
http://allrecipes.com/recipe/6673/sun-dried-tomato-and-asiago-cheese-bread/,stars stars-5,"  naples34102 
                         "
http://allrecipes.com/recipe/6673/sun-dried-tomato-and-asiago-cheese-bread/,stars stars-5,"  HELPMERHONDA 
                         "
http://allrecipes.com/recipe/6673/sun-dried-tomato-and-asiago-cheese-bread/,stars stars-5,"  MrsNoPlea 
                         "
http://allrecipes.com/recipe/6673/sun-dried-tomato-and-asiago-cheese-bread/,stars stars-5,"  TINTINE 
                         "
http://allrecipes.com/recipe/6678/sourdough-bread-i/,,
http://allrecipes.com/recipe/6679/dilly-bread/,,
http://allrecipes.com/recipe/6673/sun-dried-tomato-and-asiago-cheese-bread/,stars stars-5,"  Melanie Greer 
                         "
http://allrecipes.com/recipe/6678/sourdough-bread-i/,stars stars-5,"  DSRTBLND43 
                         "
http://allrecipes.com/recipe/6678/sourdough-bread-i/,stars stars-1,"  SEWON 
                         "
http://allrecipes.com/recipe/6678/sourdough-bread-i/,,
http://allrecipes.com/recipe/6678/sourdough-bread-i/,,
http://allrecipes.com/recipe/6678/sourdough-bread-i/,stars stars-5,"  DSRTBLND43 
                         "
http://allrecipes.com/recipe/6678/sourdough-bread-i/,stars stars-1,"  SEWON 
                         "
http://allrecipes.com/recipe/6678/sourdough-bread-i/,stars stars-5,"  yogamommy 
                         "
http://allrecipes.com/recipe/6678/sourdough-bread-i/,stars stars-4,"  GANGUET 
                         "
http://allrecipes.com/recipe/6678/sourdough-bread-i/,stars stars-5,"  WUNDERKINDER 
                         "
http://allrecipes.com/recipe/6679/dilly-bread/,stars stars-5,"  The Bunny Chef 
                         "
http://allrecipes.com/recipe/6679/dilly-bread/,stars stars-3,"  EMANDKYRA 
                         "
http://allrecipes.com/recipe/6679/dilly-bread/,,
http://allrecipes.com/recipe/6679/dilly-bread/,,
http://allrecipes.com/recipe/6679/dilly-bread/,stars stars-5,"  The Bunny Chef 
                         "
http://allrecipes.com/recipe/6679/dilly-bread/,stars stars-5,"  ALPHAGRRL 
                         "
http://allrecipes.com/recipe/6679/dilly-bread/,stars stars-4,"  Tammy 
                         "
http://allrecipes.com/recipe/6679/dilly-bread/,stars stars-4,"  CREMARIE 
                         "
http://allrecipes.com/recipe/6679/dilly-bread/,stars stars-5,"  GANED 
                         "
http://allrecipes.com/recipe/6679/dilly-bread/,stars stars-4,"  Sue Webb Opp 
                         "
http://allrecipes.com/recipe/6676/no-knead-refrigerator-rolls/,,
http://allrecipes.com/recipe/6678/sourdough-bread-i/,stars stars-5,"  Leslie Sullivan 
                         "
http://allrecipes.com/recipe/6678/sourdough-bread-i/,stars stars-2,"  aauger 
                         "
http://allrecipes.com/recipe/6678/sourdough-bread-i/,stars stars-5,"  zananazoe 
                         "
http://allrecipes.com/recipe/6678/sourdough-bread-i/,stars stars-5,"  rnheo 
                         "
http://allrecipes.com/recipe/6679/dilly-bread/,stars stars-5,"  laurabora 
                         "
http://allrecipes.com/recipe/6679/dilly-bread/,stars stars-5,"  BLHANKINS 
                         "
http://allrecipes.com/recipe/6679/dilly-bread/,stars stars-5,"  MEME 
                         "
http://allrecipes.com/recipe/6676/no-knead-refrigerator-rolls/,stars stars-5,"  AJACKKFAM 
                         "
http://allrecipes.com/recipe/6676/no-knead-refrigerator-rolls/,stars stars-3,"  HOLLY D 
                         "
http://allrecipes.com/recipe/6676/no-knead-refrigerator-rolls/,,
http://allrecipes.com/recipe/6676/no-knead-refrigerator-rolls/,,
http://allrecipes.com/recipe/6676/no-knead-refrigerator-rolls/,stars stars-5,"  AJACKKFAM 
                         "
http://allrecipes.com/recipe/6676/no-knead-refrigerator-rolls/,stars stars-5,"  devbeth 
                         "
http://allrecipes.com/recipe/6676/no-knead-refrigerator-rolls/,stars stars-4,"  BPUTGEGO 
                         "
http://allrecipes.com/recipe/6676/no-knead-refrigerator-rolls/,stars stars-4,"  WHISPERER 
                         "
http://allrecipes.com/recipe/6676/no-knead-refrigerator-rolls/,stars stars-5,"  KDM54 
                         "
http://allrecipes.com/recipe/6676/no-knead-refrigerator-rolls/,stars stars-5,"  Brent Hagwood 
                         "
http://allrecipes.com/recipe/6676/no-knead-refrigerator-rolls/,stars stars-3,"  HOLLY D 
                         "
http://allrecipes.com/recipe/6676/no-knead-refrigerator-rolls/,stars stars-4,"  CHINAGIRL33 
                         "
http://allrecipes.com/recipe/6676/no-knead-refrigerator-rolls/,stars stars-5,"  moms2398 
                         "
http://allrecipes.com/recipe/6677/sourdough-starter-i/,,
http://allrecipes.com/recipe/6677/sourdough-starter-i/,stars stars-5,"  CAROLINAGIRL34 
                         "
http://allrecipes.com/recipe/6677/sourdough-starter-i/,stars stars-1,"  LANCELEM 
                         "
http://allrecipes.com/recipe/6677/sourdough-starter-i/,,
http://allrecipes.com/recipe/6677/sourdough-starter-i/,,
http://allrecipes.com/recipe/6677/sourdough-starter-i/,stars stars-5,"  CAROLINAGIRL34 
                         "
http://allrecipes.com/recipe/6677/sourdough-starter-i/,stars stars-1,"  LANCELEM 
                         "
http://allrecipes.com/recipe/6677/sourdough-starter-i/,stars stars-5,"  JULIEVAN1 
                         "
http://allrecipes.com/recipe/6677/sourdough-starter-i/,stars stars-5,"  MCLAINART 
                         "
http://allrecipes.com/recipe/6677/sourdough-starter-i/,stars stars-5,"  CAROLE JONES 
                         "
http://allrecipes.com/recipe/6677/sourdough-starter-i/,stars stars-2,"  CLAREP 
                         "
http://allrecipes.com/recipe/6677/sourdough-starter-i/,stars stars-5,"  DAYSARAY 
                         "
http://allrecipes.com/recipe/6677/sourdough-starter-i/,stars stars-5,"  DIDEE2 
                         "
http://allrecipes.com/recipe/6677/sourdough-starter-i/,stars stars-5,"  Nancy 
                         "
http://allrecipes.com/recipe/6681/sys-challah/,,
http://allrecipes.com/recipe/6681/sys-challah/,stars stars-4,"  joshuabakes 
                         "
http://allrecipes.com/recipe/6681/sys-challah/,stars stars-3,"  Heather Houk 
                         "
http://allrecipes.com/recipe/6681/sys-challah/,,
http://allrecipes.com/recipe/6681/sys-challah/,,
http://allrecipes.com/recipe/6681/sys-challah/,stars stars-4,"  joshuabakes 
                         "
http://allrecipes.com/recipe/6681/sys-challah/,stars stars-5,"  SAKRMK 
                         "
http://allrecipes.com/recipe/6681/sys-challah/,stars stars-5,"  CARMAJAR 
                         "
http://allrecipes.com/recipe/6681/sys-challah/,stars stars-5,"  EAKE 
                         "
http://allrecipes.com/recipe/6681/sys-challah/,stars stars-4,"  JCONNER 
                         "
http://allrecipes.com/recipe/6681/sys-challah/,stars stars-5,"  Tara Jill Emerson 
                         "
http://allrecipes.com/recipe/6681/sys-challah/,stars stars-5,"  MomZilla (Evin) 
                         "
http://allrecipes.com/recipe/6681/sys-challah/,stars stars-5,"  LALEWIS228 
                         "
http://allrecipes.com/recipe/6681/sys-challah/,stars stars-5,"  juice 
                         "
http://allrecipes.com/recipe/6682/onion-bread-i/,,
http://allrecipes.com/recipe/6682/onion-bread-i/,stars stars-5,"  GramCracker 
                         "
http://allrecipes.com/recipe/6682/onion-bread-i/,stars stars-3,"  Brandy 
                         "
http://allrecipes.com/recipe/6682/onion-bread-i/,,
http://allrecipes.com/recipe/6682/onion-bread-i/,,
http://allrecipes.com/recipe/6682/onion-bread-i/,stars stars-5,"  GramCracker 
                         "
http://allrecipes.com/recipe/6682/onion-bread-i/,stars stars-3,"  Brandy 
                         "
http://allrecipes.com/recipe/6682/onion-bread-i/,stars stars-5,"  ashleyt 
                         "
http://allrecipes.com/recipe/6682/onion-bread-i/,stars stars-5,"  MOLLE888 
                         "
http://allrecipes.com/recipe/6682/onion-bread-i/,stars stars-5,"  Sarah Peck 
                         "
http://allrecipes.com/recipe/6682/onion-bread-i/,stars stars-5,"  Tamara 
                         "
http://allrecipes.com/recipe/6682/onion-bread-i/,stars stars-5,"  Kathleen 
                         "
http://allrecipes.com/recipe/6682/onion-bread-i/,stars stars-4,"  Sarah Jo 
                         "
http://allrecipes.com/recipe/6682/onion-bread-i/,stars stars-4,"  michelemybell 
                         "
http://allrecipes.com/recipe/6680/pumpkin-bread-i/,,
http://allrecipes.com/recipe/6684/italian-bread-i/,,
http://allrecipes.com/recipe/6680/pumpkin-bread-i/,stars stars-5,"  BLCROWE 
                         "
http://allrecipes.com/recipe/6680/pumpkin-bread-i/,stars stars-3,"  DiablosMom 
                         "
http://allrecipes.com/recipe/6680/pumpkin-bread-i/,,
http://allrecipes.com/recipe/6680/pumpkin-bread-i/,,
http://allrecipes.com/recipe/6680/pumpkin-bread-i/,stars stars-5,"  BLCROWE 
                         "
http://allrecipes.com/recipe/6680/pumpkin-bread-i/,stars stars-5,"  mom3 
                         "
http://allrecipes.com/recipe/6680/pumpkin-bread-i/,stars stars-5,"  LINEX45 
                         "
http://allrecipes.com/recipe/6684/italian-bread-i/,stars stars-5,"  DACSALAZAR 
                         "
http://allrecipes.com/recipe/6684/italian-bread-i/,stars stars-3,"  CYNTHIA 
                         "
http://allrecipes.com/recipe/6684/italian-bread-i/,,
http://allrecipes.com/recipe/6684/italian-bread-i/,,
http://allrecipes.com/recipe/6684/italian-bread-i/,stars stars-5,"  DACSALAZAR 
                         "
http://allrecipes.com/recipe/6684/italian-bread-i/,stars stars-3,"  CYNTHIA 
                         "
http://allrecipes.com/recipe/6684/italian-bread-i/,stars stars-1,"  CHEFWANDA 
                         "
http://allrecipes.com/recipe/6684/italian-bread-i/,stars stars-4,"  CAJUNTOAST 
                         "
http://allrecipes.com/recipe/6686/banana-wheat-bread/,,
http://allrecipes.com/recipe/6687/banana-bread/,,
http://allrecipes.com/recipe/6680/pumpkin-bread-i/,stars stars-5,"  morbidrain 
                         "
http://allrecipes.com/recipe/6680/pumpkin-bread-i/,stars stars-5,"  NTIMBROOK 
                         "
http://allrecipes.com/recipe/6680/pumpkin-bread-i/,stars stars-5,"  MuseOfAllSoup 
                         "
http://allrecipes.com/recipe/6680/pumpkin-bread-i/,stars stars-5,"  SERENE3660 
                         "
http://allrecipes.com/recipe/6680/pumpkin-bread-i/,stars stars-5,"  Victoria 
                         "
http://allrecipes.com/recipe/6680/pumpkin-bread-i/,stars stars-5,"  KIKI_WAS 
                         "
http://allrecipes.com/recipe/6683/grandma-vandorens-white-bread/,,
http://allrecipes.com/recipe/6684/italian-bread-i/,stars stars-4,"  Jen Z. 
                         "
http://allrecipes.com/recipe/6684/italian-bread-i/,stars stars-5,"  GINAH1 
                         "
http://allrecipes.com/recipe/6684/italian-bread-i/,stars stars-4,"  Marcella 
                         "
http://allrecipes.com/recipe/6684/italian-bread-i/,stars stars-5,"  Maegan 
                         "
http://allrecipes.com/recipe/6684/italian-bread-i/,stars stars-3,"  TRACY0126 
                         "
http://allrecipes.com/recipe/6686/banana-wheat-bread/,stars stars-5,"  Z 
                         "
http://allrecipes.com/recipe/6686/banana-wheat-bread/,stars stars-3,"  mjvickers 
                         "
http://allrecipes.com/recipe/6686/banana-wheat-bread/,,
http://allrecipes.com/recipe/6686/banana-wheat-bread/,,
http://allrecipes.com/recipe/6686/banana-wheat-bread/,stars stars-5,"  Z 
                         "
http://allrecipes.com/recipe/6686/banana-wheat-bread/,stars stars-5,"  CMCOSTAIN 
                         "
http://allrecipes.com/recipe/6686/banana-wheat-bread/,stars stars-4,"  SPELTRONG 
                         "
http://allrecipes.com/recipe/6686/banana-wheat-bread/,stars stars-4,"  VEGGIRL1 
                         "
http://allrecipes.com/recipe/6686/banana-wheat-bread/,stars stars-4,"  birdseye 
                         "
http://allrecipes.com/recipe/6686/banana-wheat-bread/,stars stars-5,"  MARY K 
                         "
http://allrecipes.com/recipe/6686/banana-wheat-bread/,stars stars-5,"  delainas 
                         "
http://allrecipes.com/recipe/6687/banana-bread/,stars stars-5,"  Cole Webster 
                         "
http://allrecipes.com/recipe/6687/banana-bread/,stars stars-2,"  mommaof4 
                         "
http://allrecipes.com/recipe/6687/banana-bread/,,
http://allrecipes.com/recipe/6687/banana-bread/,,
http://allrecipes.com/recipe/6687/banana-bread/,stars stars-5,"  Cole Webster 
                         "
http://allrecipes.com/recipe/6687/banana-bread/,stars stars-4,"  MAGGIE MCGUIRE 
                         "
http://allrecipes.com/recipe/6687/banana-bread/,stars stars-5,"  VFINNAB 
                         "
http://allrecipes.com/recipe/6687/banana-bread/,stars stars-5,"  JOYCE 
                         "
http://allrecipes.com/recipe/6687/banana-bread/,stars stars-5,"  whatsfordinner 
                         "
http://allrecipes.com/recipe/6683/grandma-vandorens-white-bread/,stars stars-5,"  SELEA 
                         "
http://allrecipes.com/recipe/6683/grandma-vandorens-white-bread/,stars stars-2,"  TOOTLES43130 
                         "
http://allrecipes.com/recipe/6683/grandma-vandorens-white-bread/,,
http://allrecipes.com/recipe/6683/grandma-vandorens-white-bread/,,
http://allrecipes.com/recipe/6683/grandma-vandorens-white-bread/,stars stars-5,"  SELEA 
                         "
http://allrecipes.com/recipe/6683/grandma-vandorens-white-bread/,stars stars-5,"  BRITTANY 
                         "
http://allrecipes.com/recipe/6683/grandma-vandorens-white-bread/,stars stars-5,"  ahensnest 
                         "
http://allrecipes.com/recipe/6683/grandma-vandorens-white-bread/,stars stars-5,"  daycarelady 
                         "
http://allrecipes.com/recipe/6683/grandma-vandorens-white-bread/,stars stars-5,"  SPARRKER 
                         "
http://allrecipes.com/recipe/6683/grandma-vandorens-white-bread/,stars stars-5,"  LovesCheese 
                         "
http://allrecipes.com/recipe/6683/grandma-vandorens-white-bread/,stars stars-5,"  AMBER CROXALL 
                         "
http://allrecipes.com/recipe/6686/banana-wheat-bread/,stars stars-5,"  SUESHELL1 
                         "
http://allrecipes.com/recipe/6686/banana-wheat-bread/,stars stars-4,"  LORI Q 
                         "
http://allrecipes.com/recipe/6687/banana-bread/,stars stars-5,"  H REDDEN 
                         "
http://allrecipes.com/recipe/6687/banana-bread/,stars stars-5,"  HAWAIIGIRL71 
                         "
http://allrecipes.com/recipe/6687/banana-bread/,stars stars-5,"  MICKE 
                         "
http://allrecipes.com/recipe/6687/banana-bread/,stars stars-5,"  Anne 
                         "
http://allrecipes.com/recipe/6685/sunday-dinner-rolls/,,
http://allrecipes.com/recipe/6683/grandma-vandorens-white-bread/,stars stars-5,"  JAMDOWN3 
                         "
http://allrecipes.com/recipe/6683/grandma-vandorens-white-bread/,stars stars-5,"  pecheleleaw 
                         "
